ind_impt,wholesale_price,filter_author,Index_temporary,index_final,Index_yi_nonredundant,product_category_chn,url_example,title_acc,alternative_tiltle_comments,url_scrape,search_keyword, ind_updated_url_scrape,feature2,feature3,feature4,brand,ind_no_searchresults_found,ind_brand,yi_avg,filtered_low,yi_low,yi_high,shipping_fee,index_suspect_of_fake,author,sort number
0,,,BD01,,,肩带,https://detail.tmall.com/item.htm?spm=a230r.1.14.15.57ZLrH&id=44848285990&cm_id=140105335569ed55e27b&abbucket=5&skuId=82840486709,相机背带EW－300D,,https://s.taobao.com/search?q=佳能 相机背带&js=1&style=list&stats_click=search_radio_all%3A1&ie=utf8,佳能 相机背带,,,,,,,,,,,,,0,Shuying Wu,1
0,,,BD02,BD02,BD02,肩带,https://item.taobao.com/item.htm?spm=a230r.1.14.49.rC1TEB&id=43474381580&ns=1&abbucket=13,相机背带 EW－100DB III,,https://s.taobao.com/search?q=佳能 相机背带&js=1&style=list&stats_click=search_radio_all%3A1&ie=utf8,佳能 相机背带,,,,,Canon,,,,5,5,150,,0,Yimin_Fu,2
1,,,BD03,BD03,BD03,肩带,https://item.taobao.com/item.htm?spm=a230r.1.14.53.57ZLrH&id=522606643900&ns=1&abbucket=13,快枪手肩带,,https://s.taobao.com/search?q=快枪手肩带&js=1&style=list&stats_click=search_radio_all%3A1&ie=utf8,快枪手肩带,,,,,快枪手,,,,20,20,220,,0,,
0,,,BD04,BD04,BD04,肩带,http://world.taobao.com/item/44419589190.htm#detail,彩色肩带,,https://s.taobao.com/search?q=彩色肩带 相机&js=1&style=list&stats_click=search_radio_all%3A1&ie=utf8,彩色肩带 相机,,,,,,,,,10,10,99,,0,,
0,,,BD05,BD05,BD05,肩带,http://world.taobao.com/item/45219159638.htm#detail,肩带,,https://s.taobao.com/search?q=肩带 相机&js=1&style=list&stats_click=search_radio_all%3A1&ie=utf8,肩带 相机,,,,,NA,,,,10,10,99,,0,Frank_Mei,
0,,,BD06,BD06,BD06,肩带,http://world.tmall.com/item/524363803259.htm#detail?sku_properties=5919063:6536025,GOTO 时尚肩带,,https://s.taobao.com/search?q=GOTO 肩带&js=1&style=list&stats_click=search_radio_all%3A1&ie=utf8,GOTO 肩带,,,,,GOTO,,,,2,2,65,,0,yimin(xinyi),
1,,,BJ01,BJ01,BJ01,渐变镜,http://world.taobao.com/item/522033862841.htm#detail,多色渐变镜,,https://s.taobao.com/search?q=相机 渐变镜&js=1&style=list&stats_click=search_radio_all%3A1&ie=utf8,相机 渐变镜,,,,,NA,,,,1,1,60,,0,xuncheng,
,,,BJ02,x,x,渐变镜,http://world.taobao.com/item/19999809846.htm#detail,变色镜架＋渐变镜,,https://s.taobao.com/search?q=相机 渐变镜&js=1&style=list&stats_click=search_radio_all%3A1&ie=utf8,相机 渐变镜,,,,,,,,,,,,,0,Yimin,
1,,,BU01,BU01,BU01,擦布,https://item.taobao.com/item.htm?spm=a230r.1.14.49.rC1TEB&id=43474381580&ns=1&abbucket=19,数码擦镜布,,https://s.taobao.com/search?q=数码擦镜布&js=1&style=list&stats_click=search_radio_all%3A1&ie=utf8,数码擦镜布,,,,,NA,,,,1,1,50,,0,Yimin_Fu,
0,,,BU02,BU01,,擦布,http://world.taobao.com/item/45219159638.htm#detail,高级擦布,,https://s.taobao.com/search?q=擦布&js=1&style=list&stats_click=search_radio_all%3A1&ie=utf8,擦布,,,,,NA,,,,,,,,0,Frank_Mei,
0,,,BU04,BU04,BU04,擦布,http://world.taobao.com/item/27462844289.htm?spm=a312a.7700714.0.0.noAj4C#detail,品胜魔布,,https://s.taobao.com/search?q=品胜魔布&js=1&style=list&stats_click=search_radio_all%3A1&ie=utf8,品胜魔布,,,,,品胜,,,,1,1,10,,0,Sharon Li,
0,,,BU05,BU05,BU05,擦布,http://world.taobao.com/item/24596036343.htm#detail,镜头专用麂皮,,https://s.taobao.com/search?q=镜头 麂&js=1&style=list&stats_click=search_radio_all%3A1&ie=utf8,镜头 麂,,,,,NA,,,,0,0,15,,0,Frank_Mei,
0,,,BU06,BU06,BU06,擦布,http://world.taobao.com/item/43426870825.htm#detail,魔布,,https://s.taobao.com/search?q=擦布&js=1&style=list&stats_click=search_radio_all%3A1&ie=utf8,擦布,,,,,NA,,,,1,1,20,,0,Suyang Lu,
0,,,BU07,BU01,,清洁,http://world.taobao.com/item/522863996797.htm#detail,镜头擦布,,https://s.taobao.com/search?q=镜头擦布&js=1&style=list&stats_click=search_radio_all%3A1&ie=utf8,镜头擦布,,,,,,,,,,,,,0,,
0,,,CC01,CC01,CC01,储存卡,,4G内存卡,,https://s.taobao.com/search?q=4G 闪存卡 相机&js=1&style=list&stats_click=search_radio_all%3A1&ie=utf8,4G 闪存卡 相机,,4,NA,,NA,,,,,,,,0,Juexiao&Sasha,
1,,,CC02,CC02,CC02,储存卡,http://world.taobao.com/item/41802068265.htm#detail,8G闪存卡,,https://s.taobao.com/search?q=8G 闪存卡 相机&js=1&style=list&stats_click=search_radio_all%3A1&ie=utf8,8G 闪存卡 相机,,8,NA,,NA,,,,15.98,15,50,,0,Juexiao&Sasha,
0,,,CC03,CC03,CC03,储存卡,http://world.taobao.com/item/44799639459.htm#detail,64G内存卡,,https://s.taobao.com/search?q=64G 闪存卡 相机&js=1&style=list&stats_click=search_radio_all%3A1&ie=utf8,64G 闪存卡 相机,,64,NA,,NA,,,,,,,,0,Juexiao&Sasha,
1,,,CC04,CC04,CC04,储存卡,https://detail.tmall.com/item.htm?spm=a220o.1000855.0.da321h.j7h6ds&id=44878368096&skuId=99988956126,32G内存卡,,https://s.taobao.com/search?q=32G 闪存卡 相机&js=1&style=list&stats_click=search_radio_all%3A1&ie=utf8,32G 闪存卡 相机,,32,NA,,NA,,,,49.9,,,,0,Juexiao&Sasha,
1,,,CC05,CC05,CC05,储存卡,http://world.taobao.com/item/35674260254.htm#detail,闪迪4G C4 SD,,https://s.taobao.com/search?q=闪迪4G C4 -tf&js=1&style=list&stats_click=search_radio_all%3A1&ie=utf8,闪迪4G C4 -tf,,4,NA,,闪迪,,,,13.5,,,,0,Juexiao&Sasha,
1,,,CC06,CC06,CC06,储存卡,http://world.taobao.com/item/42468840454.htm#detail,闪迪8G C10 SDHC,,https://s.taobao.com/search?q=闪迪8G C10 -tf&js=1&style=list&stats_click=search_radio_all%3A1&ie=utf8,闪迪8G C10 -tf,,8,NA,,闪迪,,,,21,,,,0,Juexiao&Sasha,
1,,,CC07,CC07,CC07,储存卡,http://world.tmall.com/item/23931676362.htm?spm=a312a.7700714.0.0.VDbzGU&sku_properties=5919063:3266779,闪迪16G C10 40m/s SD,,https://s.taobao.com/search?q=闪迪 16G 48m&js=1&style=list&stats_click=search_radio_all%3A1&ie=utf8,闪迪 16G 48m,,16,NA,,闪迪,,,,39,,,,0,Juexiao&Sasha,
1,,,CC08,CC08,CC08,储存卡,http://world.tmall.com/item/23931676362.htm?spm=a312a.7700714.0.0.VDbzGU&sku_properties=5919063:3266779,闪迪32G C10 40m/s SD,,https://s.taobao.com/search?q=闪迪 32G 48m&js=1&style=list&stats_click=search_radio_all%3A1&ie=utf8,闪迪 32G 48m,,32,40,,闪迪,,,,73,,,,0,Juexiao&Sasha,
0,,,CC09,CC09,CC09,储存卡,http://world.tmall.com/item/23931676362.htm?spm=a312a.7700714.0.0.VDbzGU&sku_properties=5919063:3266779,闪迪16G 120m/s CF,,https://s.taobao.com/search?q=闪迪16G 120m/s CF&js=1&style=list&stats_click=search_radio_all%3A1&ie=utf8,闪迪16G 120m/s CF,,16,120,,闪迪,,,,,,,,0,Juexiao&Sasha,
0,,,CC10,CC10,CC10,储存卡,http://world.tmall.com/item/23931676362.htm?spm=a312a.7700714.0.0.VDbzGU&sku_properties=5919063:3266779,闪迪32G 120m/s CF,,https://s.taobao.com/search?q=闪迪32G 120m/s CF&js=1&style=list&stats_click=search_radio_all%3A1&ie=utf8,闪迪32G 120m/s CF,,32,120,,闪迪,,,,,,,,0,Juexiao&Sasha,
0,,,CC11,CC11,CC11,储存卡,https://item.taobao.com/item.htm?spm=a230r.1.14.37.h8GYCj&id=24893184623&ns=1&abbucket=15,金士顿64G SDHC,,https://s.taobao.com/search?q=金士顿 64G 相机&js=1&style=list&stats_click=search_radio_all%3A1&ie=utf8,金士顿 64G 相机,,64,NA,,金士顿,,,,,,,,0,Juexiao&Sasha,
0,,,CC12,CC12,CC12,储存卡,http://world.taobao.com/item/44245951423.htm#detail,索尼16G 极速卡,,https://s.taobao.com/search?q=索尼 16G 94m&js=1&style=list&stats_click=search_radio_all%3A1&ie=utf8,索尼 16G 94m,,16,NA,,索尼,,,,,,,,0,Juexiao&Sasha,
1,,,CC13,CC13,CC13,储存卡,http://world.taobao.com/item/44245951423.htm#detail,索尼32G 极速卡,,https://s.taobao.com/search?q=索尼 32G 94m&js=1&style=list&stats_click=search_radio_all%3A1&ie=utf8,索尼 32G 94m,,32,NA,,索尼,,,,129,,,,0,Juexiao&Sasha,
0,,,CC14,CC14,CC14,储存卡,http://world.taobao.com/item/44245951423.htm#detail,索尼64G 极速卡,,https://s.taobao.com/search?q=索尼 64G 94m&js=1&style=list&stats_click=search_radio_all%3A1&ie=utf8,索尼 64G 94m,,64,NA,,索尼,,,,,,,,0,Juexiao&Sasha,
1,,,CC15,CC15,CC15,储存卡,http://world.tmall.com/item/45004671341.htm#detail?sku_properties=5919063:3266793,东芝32G C10 SD卡,,https://s.taobao.com/search?q=东芝 32G C10 -wifi&js=1&style=list&stats_click=search_radio_all%3A1&ie=utf8,东芝 32G C10 -wifi,,32,NA,,东芝,,,,50,,,,0,Juexiao&Sasha,
1,,,CC16,CC16,CC16,储存卡,https://item.taobao.com/item.htm?spm=a230r.1.14.53.57ZLrH&id=522606643900&ns=1&abbucket=22,东芝16G C10 SD卡,,https://s.taobao.com/search?q=东芝 16G C10 -wifi&js=1&style=list&stats_click=search_radio_all%3A1&ie=utf8,东芝 16G C10 -wifi,,16,NA,,东芝,,,,23.99,,,,0,Juexiao&Sasha,
1,,,CC17,CC17,CC17,储存卡,https://item.taobao.com/item.htm?spm=a230r.1.14.53.57ZLrH&id=522606643900&ns=1&abbucket=20,东芝8G C10 SD卡,,https://s.taobao.com/search?q=东芝 8G C10 -wifi&js=1&style=list&stats_click=search_radio_all%3A1&ie=utf8,东芝 8G C10 -wifi,,8,NA,,东芝,,,,18,,,,0,Juexiao&Sasha,
1,,,CC18,CC18,CC18,储存卡,http://world.taobao.com/item/27462844289.htm?spm=a312a.7700714.0.0.noAj4C#detail,金士顿32G C10 SDHC,,https://s.taobao.com/search?q=金士顿 32G C10 -tf&js=1&style=list&stats_click=search_radio_all%3A1&ie=utf8,金士顿 32G C10 -tf,,32,NA,,金士顿,,,,64,,,,0,Juexiao&Sasha,
1,,,CC19,CC19,CC19,储存卡,http://world.taobao.com/item/27462844289.htm?spm=a312a.7700714.0.0.noAj4C#detail,金士顿16G C10 SDHC,,https://s.taobao.com/search?q=金士顿 16G C10 -tf&js=1&style=list&stats_click=search_radio_all%3A1&ie=utf8,金士顿 16G C10 -tf,,16,NA,,金士顿,,,,33,,,,0,Juexiao&Sasha,
1,,,CC20,CC20,CC20,储存卡,http://world.taobao.com/item/27462844289.htm?spm=a312a.7700714.0.0.noAj4C#detail,金士顿8G C10 SDHC,,https://s.taobao.com/search?q=金士顿 8G C10 -tf&js=1&style=list&stats_click=search_radio_all%3A1&ie=utf8,金士顿 8G C10 -tf,,8,NA,,金士顿,,,,20,,,,0,Juexiao&Sasha,
1,,yiting,CC21,CC21,CC21,储存卡,http://world.taobao.com/item/43859660891.htm#detail,金士顿8G C4 SD,,https://s.taobao.com/search?q=金士顿 8G C4-tf&js=1&style=list&stats_click=search_radio_all%3A1&ie=utf8,金士顿 8G C4-tf,,8,NA,,金士顿,,,,15,,,,0,Juexiao&Sasha,
1,,juexiao,CC22,CC22,CC22,储存卡,http://world.taobao.com/item/43859660891.htm#detail,金士顿16G C4 SD,,https://s.taobao.com/search?q=金士顿 16G C4 -tf&js=1&style=list&stats_click=search_radio_all%3A1&ie=utf8,金士顿 16G C4 -tf,,16,NA,,金士顿,,,,36,,,,0,Juexiao&Sasha,
1,,sa,CC23,CC23,CC23,储存卡,http://world.taobao.com/item/43859660891.htm#detail,金士顿32G C4 SD,,https://s.taobao.com/search?q=金士顿 32G C4 -tf&js=1&style=list&stats_click=search_radio_all%3A1&ie=utf8,金士顿 32G C4 -tf,,32,NA,,金士顿,,,,63,,,,0,Juexiao&Sasha,
0,,,CC24,CC24,CC24,储存卡,http://world.taobao.com/item/43859660891.htm#detail,金士顿4G C4 SD,,https://s.taobao.com/search?q=金士顿 4G C4 -tf&js=1&style=list&stats_click=search_radio_all%3A1&ie=utf8,金士顿 4G C4 -tf,,4,C4,,金士顿,,,,,,,,0,Juexiao&Sasha,
0,,,CC25,CC25,CC25,储存卡,http://world.taobao.com/item/20373091017.htm#detail,创见8G C4 SD卡,,https://s.taobao.com/search?q=创见 8G -tf&js=1&style=list&stats_click=search_radio_all%3A1&ie=utf8,创见 8G -tf,,8,C4,,创见,,,,,,,,0,Juexiao&Sasha,
1,,,CC26,CC26,CC26,储存卡,http://world.taobao.com/item/20373091017.htm#detail,创见16G C4 SD卡,,https://s.taobao.com/search?q=创见 16G -tf&js=1&style=list&stats_click=search_radio_all%3A1&ie=utf8,创见 16G -tf,,16,NA,,创见,,,,30,,,,0,Juexiao&Sasha,
1,,,CC27,CC27,CC27,储存卡,http://world.taobao.com/item/20373091017.htm#detail,创见32G C4 SD卡,,https://s.taobao.com/search?q=创见 32G -tf&js=1&style=list&stats_click=search_radio_all%3A1&ie=utf8,创见 32G -tf,,32,NA,,创见,,,,85,,,,0,Juexiao&Sasha,
1,,,CC29,CC29,CC29,储存卡,http://world.taobao.com/item/23969324559.htm#detail,J-LIKE 8G C10 SD存储卡,,https://s.taobao.com/search?q=8g 相机卡&js=1&style=list&stats_click=search_radio_all%3A1&ie=utf8,8g 相机卡,,8,NA,,J-LIKE,,,,14.5,,,,0,Juexiao&Sasha,
1,,,CC30,CC30,CC30,储存卡,http://world.taobao.com/item/23969324559.htm#detail,J-LIKE 16G C10 SD存储卡,,https://s.taobao.com/search?q=16g 相机卡&js=1&style=list&stats_click=search_radio_all%3A1&ie=utf8,16g 相机卡,,16,NA,,J-LIKE,,,,28.9,,,,1,Juexiao&Sasha,
1,,,CC31,CC31,CC31,储存卡,https://detail.tmall.com/item.htm?spm=a1z10.1-b.w9226568-9716460539.27.RzH6RS&id=44843925113&skuId=83007665794,三星32G 高速内存卡,,https://s.taobao.com/search?q=三星32G 高速内存卡 -tf&js=1&style=list&stats_click=search_radio_all%3A1&ie=utf8,三星32G 高速内存卡 -tf,,32,NA,,三星,,,,49.9,,,,0,Juexiao&Sasha,
0,,,CC32,,,储存卡,http://world.tmall.com/item/45097325617.htm#detail?sku_properties=5919063:6536025,可摄像高速卡,,https://s.taobao.com/search?q=摄像高速卡&js=1&style=list&stats_click=search_radio_all%3A1&ie=utf8,摄像高速卡,,NA,,,Unknown,,,,,,,,0,Juexiao&Sasha,
1,,,CC33,CC33,CC33,储存卡,https://detail.tmall.com/item.htm?spm=a230r.1.14.15.57ZLrH&id=44848285990&cm_id=140105335569ed55e27b&abbucket=5&skuId=82840486721,16G内存卡,,https://s.taobao.com/search?q=16G内存卡 -tf&js=1&style=list&stats_click=search_radio_all%3A1&ie=utf8,16G内存卡 -tf,,16,NA,,Unknown,,,,29.9,,,,0,Juexiao&Sasha,
1,,,CC38,CC38,CC38,储存卡,http://world.taobao.com/item/38708270318.htm#detail,闪迪8G 30m/s,,https://s.taobao.com/search?q=闪迪8G 30m/s SD&js=1&style=list&stats_click=search_radio_all%3A1&ie=utf8,闪迪8G 30m/s SD,,8,30,,闪迪,,,,19.9,,,,0,Juexiao&Sasha,
1,,,CC39,CC39,CC39,储存卡,http://world.taobao.com/item/18820622609.htm#detail,闪迪16G 30m/s SD,,https://s.taobao.com/search?q=闪迪16G 30m/s SD&js=1&style=list&stats_click=search_radio_all%3A1&ie=utf8,闪迪16G 30m/s SD,,16,30,,闪迪,,,,25,,,,0,Juexiao&Sasha,
1,,,CC40,CC40,CC40,储存卡,http://world.taobao.com/item/38708270318.htm#detail,闪迪32G 30m/s,,https://s.taobao.com/search?q=闪迪32G 30m/s SD&js=1&style=list&stats_click=search_radio_all%3A1&ie=utf8,闪迪32G 30m/s SD,,32,30,,闪迪,,,,58,,,,0,Juexiao&Sasha,
1,,yiting,CC43,CC43,CC43,储存卡,http://world.tmall.com/item/26519380192.htm#detail?sku_properties=5919063:6536025,闪迪64G 40m/s SDHC,,https://s.taobao.com/search?q=闪迪64G 40m/s&js=1&style=list&stats_click=search_radio_all%3A1&ie=utf8,闪迪64G 40m/s,,64,30,,闪迪,,,,138,,,,0,Juexiao&Sasha,
1,,sa,CC44,CC44,CC44,储存卡,http://world.tmall.com/item/26519380192.htm#detail?sku_properties=5919063:6536025,闪迪128G 40m/s SDHC,,https://s.taobao.com/search?q=闪迪128G 40m/s&js=1&style=list&stats_click=search_radio_all%3A1&ie=utf8,闪迪128G 40m/s,,128,40,,闪迪,,,,520,,,,0,Juexiao&Sasha,
1,,juexiao,CC45,CC45,CC45,储存卡,http://world.taobao.com/item/35540978058.htm#detail,闪迪16G 80m/s,,https://s.taobao.com/search?q=闪迪16G 80m/s SD&js=1&style=list&stats_click=search_radio_all%3A1&ie=utf8,闪迪16G 80m/s SD,,16,80,,闪迪,,,,29.9,,,,0,Juexiao&Sasha,
1,,sa,CC46,CC46,CC46,储存卡,http://world.taobao.com/item/35540978058.htm#detail,闪迪32G 80m/s,,https://s.taobao.com/search?q=闪迪32G 80m/s SD&js=1&style=list&stats_click=search_radio_all%3A1&ie=utf8,闪迪32G 80m/s SD,,32,80,,闪迪,,,,58.5,,,,0,Juexiao&Sasha,
1,,fixme_juexiao,CC47,CC47,CC47,储存卡,http://world.taobao.com/item/23896264169.htm#detail,闪迪32G 95m/s 高速,,https://s.taobao.com/search?q=闪迪32G 95m/s SD&js=1&style=list&stats_click=search_radio_all%3A1&ie=utf8,闪迪32G 95m/s SD,1,32,95,,闪迪,,,,136.8,,,,0,Juexiao&Sasha,
0,,,CC51,CC44,,储存卡,http://world.tmall.com/item/45007891695.htm#detail?sku_properties=5919063:3284566,闪迪128G C10 SD,,https://s.taobao.com/search?q=闪迪128G C10&js=1&style=list&stats_click=search_radio_all%3A1&ie=utf8,闪迪128G C10,,128,C10,,闪迪,,,,,,,,0,Juexiao&Sasha,
0,,,CC52,x,x,储存卡,,闪迪16GSD266/s高速内存卡,,https://s.taobao.com/search?q=&js=1&style=list&stats_click=search_radio_all%3A1&ie=utf8,,,16,266,,,,,,,,,,0,,
0,,,CC53,x,x,储存卡,,闪迪32GSD266/s高速内存卡,,https://s.taobao.com/search?q=&js=1&style=list&stats_click=search_radio_all%3A1&ie=utf8,,,32,266,,,,,,,,,,0,,
0,,,CC54,x,x,储存卡,,闪迪8GSD200/s高速内存卡,,https://s.taobao.com/search?q=&js=1&style=list&stats_click=search_radio_all%3A1&ie=utf8,,,8,266,,,,,,,,,,0,,
0,,,CD01,CD01,CD01,充电器,https://detail.tmall.com/item.htm?spm=a230r.1.14.15.57ZLrH&id=44848285990&cm_id=140105335569ed55e27b&abbucket=5&skuId=82840486706,电池充电器LC－E7C（含电源线）,,https://s.taobao.com/search?q=700D 电池充电器&js=1&style=list&stats_click=search_radio_all%3A1&ie=utf8,700D 电池充电器,,,,,Canon,,,,,,,,0,Shuying Wu,
0,,,CD02,CD02,CD02,充电器,http://world.taobao.com/item/45219159638.htm#detail,专用座充,,https://s.taobao.com/search?q=700D 座充&js=1&style=list&stats_click=search_radio_all%3A1&ie=utf8,700D 座充,,,,,NA,,,,,,,,0,Frank_Mei,
0,,,CD03,CD03,CD03,充电器,https://item.taobao.com/item.htm?spm=a230r.1.14.49.rC1TEB&id=43474381580&ns=1&abbucket=9,电池充电器 LC-E8C,,https://s.taobao.com/search?q=电池充电器 LC-E8C&js=1&style=list&stats_click=search_radio_all%3A1&ie=utf8,电池充电器 LC-E8C,,,,,Canon,,,,,,,,0,Yimin_Fu,
0,,,CD04,CD04,CD04,充电器,,电池充电器LC－E17C（含电源线）,,https://s.taobao.com/search?q=&js=1&style=list&stats_click=search_radio_all%3A1&ie=utf8,,,,,,,,,,,,,,0,,
0,,,CD05,CD05,CD05,充电器,,沣标国产备用座充,,https://s.taobao.com/search?q=&js=1&style=list&stats_click=search_radio_all%3A1&ie=utf8,,,,,,,,,,,,,,0,,
1,,,DC01,,,电池,http://world.taobao.com/item/38708270318.htm#detail,佳能原装电池,,https://s.taobao.com/search?q=佳能电池&js=1&style=list&stats_click=search_radio_all%3A1&ie=utf8,佳能电池,,NA,,,佳能,,,,30,,,,0,Yimin,
1,,jiawen/Echo,DC02,DC02,DC02,电池,http://world.tmall.com/item/37745552927.htm#detail?sku_properties=5919063:3266779,佳能LP-E8专用电池,,https://s.taobao.com/search?q=佳能 LP-E8 电池&js=1&style=list&stats_click=search_radio_all%3A1&ie=utf8,佳能 LP-E8 电池,,LP-E8,,,佳能,,,,48,,,,0,Yukun_He,
1,,jiawen,DC03,DC03,DC03,电池,http://world.tmall.com/item/23931676362.htm?spm=a312a.7700714.0.0.VDbzGU&sku_properties=5919063:3266779,备用沣标LP-E6电池 质保1年包换,,https://s.taobao.com/search?q=沣标 LP-E6 电池&js=1&style=list&stats_click=search_radio_all%3A1&ie=utf8,沣标 LP-E6 电池,,LP-E6,,,沣标,,,,52,,,,0,,
1,,jiawen,DC04,DC04,DC04,电池,https://item.taobao.com/item.htm?spm=a230r.1.14.53.57ZLrH&id=522606643900&ns=1&abbucket=17,原装LP-E17锂电,,https://s.taobao.com/search?q=佳能 LP-E17电池&js=1&style=list&stats_click=search_radio_all%3A1&ie=utf8,佳能 LP-E17电池,,LP-E17,,,佳能,,,,180,,,,1,,
1,,,DC05,x,x,电池,https://item.taobao.com/item.htm?spm=a230r.1.14.53.57ZLrH&id=522606643900&ns=1&abbucket=23,三尼LP-E17锂电,,https://s.taobao.com/search?q=三尼 LP-E17 锂电&js=1&style=list&stats_click=search_radio_all%3A1&ie=utf8,三尼 LP-E17 锂电,1,LP-E17,,,三尼,,,,,,,,0,,
1,,echo,DC06,DC06,DC06,电池,http://world.taobao.com/item/23896264169.htm#detail,科维胜E8备用电池,,https://s.taobao.com/search?q=科维胜 E8 电池&js=1&style=list&stats_click=search_radio_all%3A1&ie=utf8,科维胜 E8 电池,,E8,,,科维胜,,,,95,,,,0,Yukun_He,
1,,echo,DC07,,,电池,https://detail.tmall.com/item.htm?spm=a220o.1000855.0.da321h.j7h6ds&id=44878368096&skuId=99988956126,备用电池,,https://s.taobao.com/search?q=700D 电池&js=1&style=list&stats_click=search_radio_all%3A1&ie=utf8,700D 电池,,NA,700D,,,,,,45,,,,0,Shuying Wu,
1,,echo,DC08,,,电池,http://world.taobao.com/item/44069100271.htm#detail,国产电池,,https://s.taobao.com/search?q=国产 700D 电池&js=1&style=list&stats_click=search_radio_all%3A1&ie=utf8,国产 700D 电池,1,NA,700D,,,,,,,,,,0,Yukun_He,
,,,DC09,x,x,电池,http://world.taobao.com/item/24596036343.htm#detail,佳能原厂EL8锂离子电池,,https://s.taobao.com/search?q=佳能 EL8 锂电池&js=1&style=list&stats_click=search_radio_all%3A1&ie=utf8,佳能 EL8 锂电池,1,EL8,,,佳能,,,,,,,,0,Frank_Mei,
1,,,DC10,,,电池,http://world.taobao.com/item/45219159638.htm#detail,全新锂电池,,https://s.taobao.com/search?q=700D 电池&js=1&style=list&stats_click=search_radio_all%3A1&ie=utf8,700D 电池,,NA,700D,,NA,,,,49.8,,,,0,Frank_Mei,
,,,DC11,x,x,电池,https://detail.tmall.com/item.htm?spm=a1z10.1-b.w9226568-9716460539.27.RzH6RS&id=44843925113&skuId=83007665794,佳能原装LP-E7锂电池,,https://s.taobao.com/search?q=佳能 E7 电池&js=1&style=list&stats_click=search_radio_all%3A1&ie=utf8,佳能 E7 电池,1,E7,,,佳能,,,,,,,,0,,
1,,,DC12,x,x,电池,http://world.tmall.com/item/37745552927.htm#detail?sku_properties=5919063:3266779,亚思LP-E8专用电池,,https://s.taobao.com/search?q=亚思 电池&js=1&style=list&stats_click=search_radio_all%3A1&ie=utf8,亚思 电池,,LP-E8,,,亚思,,,,,,,,0,Yukun_He,
1,,carol,DC13,DC13,DC13,电池,http://world.tmall.com/item/18352298789.htm#detail?sku_properties=5919063:6536025,品牌E8电池,,https://s.taobao.com/search?q=E8电池&js=1&style=list&stats_click=search_radio_all%3A1&ie=utf8,E8电池,,E8,,,NA,,,,35,,,,0,,
1,,sasha wang,DC14,DC14,DC14,电池,http://world.taobao.com/item/42681494957.htm#detail,三尼LP-E8锂电,,https://s.taobao.com/search?q=三尼 E8&js=1&style=list&stats_click=search_radio_all%3A1&ie=utf8,三尼 E8,,LP-E8,,,三尼,,,,48,,,,0,Frank_Mei,
1,,sasha wang,DC15,DC15,DC15,电池,http://world.taobao.com/item/35540978058.htm#detail,沣标E8电池,,https://s.taobao.com/search?q=沣标 E8 电池&js=1&style=list&stats_click=search_radio_all%3A1&ie=utf8,沣标 E8 电池,,E8,,,沣标,,,,29.9,,,,0,Yimin,
0,,,DC16,,,电池,http://world.taobao.com/item/522606643900.htm#detail,移动电池,,https://s.taobao.com/search?q=700D 电池&js=1&style=list&stats_click=search_radio_all%3A1&ie=utf8,700D 电池,,,,,NA,,,,,,,,0,,
0,,,DC17,DC03,,电池,https://item.taobao.com/item.htm?spm=a230r.1.14.49.rC1TEB&id=43474381580&ns=1&abbucket=10,锂电池LP－E8,,https://s.taobao.com/search?q=锂电池 LP－E8&js=1&style=list&stats_click=search_radio_all%3A1&ie=utf8,锂电池 LP－E8,,,,,Canon,,,,,,,,0,Yimin_Fu,
0,,,DC18,DC04,,电池,https://detail.tmall.com/item.htm?spm=a230r.1.14.15.57ZLrH&id=44848285990&cm_id=140105335569ed55e27b&abbucket=5&skuId=82840486707,锂电池LP－E17,,https://s.taobao.com/search?q=锂电池 LP－E17&js=1&style=list&stats_click=search_radio_all%3A1&ie=utf8,锂电池 LP－E17,,,,,NA,,,,,,,,0,Shuying Wu,
1,,yiting,DC19,DC19,DC19,电池,http://world.tmall.com/item/26519380192.htm#detail?sku_properties=5919063:6536025,桑格E8电池,,https://s.taobao.com/search?q=桑格 E8 电池&js=1&style=list&stats_click=search_radio_all%3A1&ie=utf8,桑格 E8 电池,,E8,,,桑格,,,,25,,,,0,Yimin,
1,,yiting,DC20,DC20,DC20,电池,http://world.tmall.com/item/26519380192.htm#detail?sku_properties=5919063:6536025,品胜E8电池,,https://s.taobao.com/search?q=品胜 E8 电池&js=1&style=list&stats_click=search_radio_all%3A1&ie=utf8,品胜 E8 电池,,E8,,,品胜,,,,45,,,,0,Yimin,
1,,,DC21,DC21,DC21,电池,http://world.taobao.com/item/41802068265.htm#detail,品牌电池,,https://s.taobao.com/search?q=700D 电池&js=1&style=list&stats_click=search_radio_all%3A1&ie=utf8,700D 电池,1,NA,700D,,NA,,,,45,,,,0,,
1,,juexiao,DC22,DC22,DC22,电池,http://world.taobao.com/item/38871554135.htm#detail,沣标专用电池,,https://s.taobao.com/search?q=沣标 相机 电池&js=1&style=list&stats_click=search_radio_all%3A1&ie=utf8,沣标 相机 电池,,NA,NA,,沣标,,,,45,,,,0,Carol Guo,
0,,,DC23,DC04,DC04,电池,http://world.tmall.com/item/45837345735.htm#detail?sku_properties=5919063:6536025,佳能17L原装电池,,https://s.taobao.com/search?q=佳能电池&js=1&style=list&stats_click=search_radio_all%3A1&ie=utf8,佳能电池,,,,,佳能,,,,,,,,0,,
1,,,DK01,DK01,DK01,读卡器,http://world.taobao.com/item/35540978058.htm#detail,读卡器,,https://s.taobao.com/search?q=读卡器&js=1&style=list&stats_click=search_radio_all%3A1&ie=utf8,读卡器,,,,,NA,,,,10,,,,0,Yimin,
0,,,DK02,DK05,,读卡器,http://world.taobao.com/item/27462844289.htm?spm=a312a.7700714.0.0.noAj4C#detail,沣标高速读卡器,,https://s.taobao.com/search?q=沣标高速读卡器&js=1&style=list&stats_click=search_radio_all%3A1&ie=utf8,沣标高速读卡器,,,,,沣标,,,,,,,,0,Sharon Li,
0,,,DK03,DK01,,读卡器,http://world.taobao.com/item/523084126902.htm#detail,高速读卡器,,https://s.taobao.com/search?q=高速读卡器&js=1&style=list&stats_click=search_radio_all%3A1&ie=utf8,高速读卡器,,,,,,,,,,,,,0,,
0,,,DK04,DK01,,读卡器,https://item.taobao.com/item.htm?spm=a230r.1.14.49.rC1TEB&id=43474381580&ns=1&abbucket=17,2.0读卡器,,https://s.taobao.com/search?q=2.0读卡器&js=1&style=list&stats_click=search_radio_all%3A1&ie=utf8,2.0读卡器,,,,,NA,,,,,,,,0,Yimin_Fu,
0,,,DK05,DK05,DK05,读卡器,http://world.tmall.com/item/23931676362.htm?spm=a312a.7700714.0.0.VDbzGU&sku_properties=5919063:3266779,沣标SDHC高速读卡器1个颜色随机,,https://s.taobao.com/search?q=沣标 高速读卡器&js=1&style=list&stats_click=search_radio_all%3A1&ie=utf8,沣标 高速读卡器,,,,,沣标,,,,,,,,0,Yimin,
0,,,DK06,DK06,DK06,读卡器,https://detail.tmall.com/item.htm?spm=a230r.1.14.3.57ZLrH&id=45126747218&cm_id=140105335569ed55e27b&abbucket=5&sku_properties=5919063:6536025,USB2.0 高速读卡器,,https://s.taobao.com/search?q=2.0读卡器&js=1&style=list&stats_click=search_radio_all%3A1&ie=utf8,2.0读卡器,,,,,,,,,,,,,0,Amy,
0,,,DK07,DK07,DK07,读卡器,https://item.taobao.com/item.htm?spm=a230r.1.14.45.JooTKV&id=42445756648&ns=1&abbucket=2,川宇读卡器2.0,,https://s.taobao.com/search?q=川宇读卡器2.0&js=1&style=list&stats_click=search_radio_all%3A1&ie=utf8,川宇读卡器2.0,,,,,川宇,,,,,,,,0,Xuncheng,
0,,,DK08,DK07,DK07,读卡器,http://world.tmall.com/item/523785599849.htm#detail,二合一读卡器,,https://s.taobao.com/search?q=二合一读卡器&js=1&style=list&stats_click=search_radio_all%3A1&ie=utf8,二合一读卡器,,,,,,,,,,,,,0,,
1,,yiting,DK09,DK09,DK09,读卡器,http://world.tmall.com/item/44843925113.htm#detail,川宇高速sdhc专用读卡器,,https://s.taobao.com/search?q=川宇高速 读卡器&js=1&style=list&stats_click=search_radio_all%3A1&ie=utf8,川宇高速 读卡器,,SDHC专用,,,川宇,,,,8.99,,,,0,,
0,,,DK10,DK01,,读卡器,http://world.taobao.com/item/522610228084.htm#detail,SD读卡器,,https://s.taobao.com/search?q=SD读卡器&js=1&style=list&stats_click=search_radio_all%3A1&ie=utf8,SD读卡器,,,,,,,,,,,,,0,,
0,,,DK11,DK01,,读卡器,http://world.taobao.com/item/23969324559.htm#detail,SDHC高速高清读卡器,,https://s.taobao.com/search?q=高速 读卡器&js=1&style=list&stats_click=search_radio_all%3A1&ie=utf8,高速 读卡器,,,,,NA,,,,,,,,0,Suyang Lu,
0,,,DK12,DK12,DK12,读卡器,http://world.taobao.com/item/24596036343.htm#detail,品胜多合一读卡器 USB2.0高速读卡器,,https://s.taobao.com/search?q=品胜 多合一 USB2.0 读卡器&js=1&style=list&stats_click=search_radio_all%3A1&ie=utf8,品胜 多合一 USB2.0 读卡器,,,,,品胜,,,,,,,,0,Frank_Mei,
0,,,DK13,DK13,DK13,读卡器,http://world.taobao.com/item/18820622609.htm#detail,多功能读卡器,,https://s.taobao.com/search?q=多功能读卡器&js=1&style=list&stats_click=search_radio_all%3A1&ie=utf8,多功能读卡器,,,,,,,,,,,,,0,Yukun_He,
0,,,DK14,DK14,DK14,读卡器,http://world.taobao.com/item/43859660891.htm#detail,四合一读卡器,,https://s.taobao.com/search?q=四合一读卡器&js=1&style=list&stats_click=search_radio_all%3A1&ie=utf8,四合一读卡器,,,,,NA,,,,,,,,0,Yimin,
1,,yiting,DK15,DK15,DK15,读卡器,http://world.taobao.com/item/40565901878.htm#detail,多合一读卡器,,https://s.taobao.com/search?q=多合一读卡器&js=1&style=list&stats_click=search_radio_all%3A1&ie=utf8,多合一读卡器,,多合一,,,川宇,,,,5,,,,0,Frank_Mei,
1,,juexiao,DK16,DK16,DK16,读卡器,http://world.tmall.com/item/20728727154.htm#detail?sku_properties=5919063:6536025,USB多功能读卡器,,https://s.taobao.com/search?q=USB 多功能 读卡器&js=1&style=list&stats_click=search_radio_all%3A1&ie=utf8,USB 多功能 读卡器,,USB多功能,,,,,,,2.29,,,,0,Yukun_He,
1,,juexiao,DK17,DK17,DK17,读卡器,http://world.tmall.com/item/45007891695.htm#detail?sku_properties=5919063:3284566,品胜高速读卡器,,https://s.taobao.com/search?q=品胜 高速 读卡器&js=1&style=list&stats_click=search_radio_all%3A1&ie=utf8,品胜 高速 读卡器,,高速,,,品胜,,,,4.9,,,,0,Yimin,
0,,,DK18,DK12,DK12,读卡器,http://world.tmall.com/item/26519380192.htm#detail?sku_properties=5919063:6536025,川宇高速读卡器,,https://s.taobao.com/search?q=川宇 高速 读卡器&js=1&style=list&stats_click=search_radio_all%3A1&ie=utf8,川宇 高速 读卡器,,,,,川宇,,,,,,,,0,Yimin,
0,,,DK19,DK09,DK09,读卡器,http://world.taobao.com/item/521513506795.htm#detail,川宇读卡器,,https://s.taobao.com/search?q=川宇 读卡器2.0&js=1&style=list&stats_click=search_radio_all%3A1&ie=utf8,川宇 读卡器2.0,,,,,川宇,,,,,,,,0,Yimin,
0,,,DK20,DK13,DK13,读卡器,http://world.tmall.com/item/20728727154.htm#detail?sku_properties=5919063:6536025,USB高速读卡器,,https://s.taobao.com/search?q=USB 高速 读卡器&js=1&style=list&stats_click=search_radio_all%3A1&ie=utf8,USB 高速 读卡器,,,,,,,,,,,,,0,Yukun_He,
0,,,DK21,DK13,DK13,读卡器,http://world.taobao.com/item/20373091017.htm#detail,SD高速读卡器,,https://s.taobao.com/search?q=SD 高速 读卡器&js=1&style=list&stats_click=search_radio_all%3A1&ie=utf8,SD 高速 读卡器,,,,,,,,,,,,,0,Yukun_He,
0,,,DK22,DK22,DK22,读卡器,,三合一读卡器,,https://s.taobao.com/search?q=&js=1&style=list&stats_click=search_radio_all%3A1&ie=utf8,,,,,,,,,,,,,,0,,
0,,,DK23,DK23,DK23,读卡器,,二合一沣标高速读卡器,,https://s.taobao.com/search?q=&js=1&style=list&stats_click=search_radio_all%3A1&ie=utf8,,,,,,,,,,,,,,0,,
0,,,DZ01,DZ01,DZ01,袋子,http://world.taobao.com/item/42681494957.htm#detail,配件收纳袋,,https://s.taobao.com/search?q=相机配件收纳袋&js=1&style=list&stats_click=search_radio_all%3A1&ie=utf8,相机配件收纳袋,,,,,NA,,,,,,,,0,Frank_Mei,
0,,,DZ02,DZ02,DZ02,镜头袋,http://world.taobao.com/item/44069100271.htm#detail,镜头袋,,https://s.taobao.com/search?q=镜头袋&js=1&style=list&stats_click=search_radio_all%3A1&ie=utf8,镜头袋,,,,,,,,,,,,,0,Yukun_He,
0,,,DZ03,DZ03,DZ03,笔袋,https://detail.tmall.com/item.htm?spm=a1z10.1-b.w9226568-9716460539.27.RzH6RS&id=44843925113&skuId=83007665794,佳能限量土豪金笔袋,,https://s.taobao.com/search?q=佳能限量土豪金笔袋&js=1&style=list&stats_click=search_radio_all%3A1&ie=utf8,佳能限量土豪金笔袋,,,,,佳能,,,,,,,,1,,
1,,,EJ01,EJ01,EJ01,耳机,http://world.taobao.com/item/36613205733.htm#detail,超炫面条耳机,,https://s.taobao.com/search?q=面条耳机&js=1&style=list&stats_click=search_radio_all%3A1&ie=utf8,面条耳机,,,面条,,beats,,,,,,,,1,Frank_Mei,
1,,,EJ02,EJ02,EJ02,耳机,http://world.taobao.com/item/36613205733.htm#detail,时尚折叠式头戴耳机,,https://s.taobao.com/search?q=折叠式 头戴 耳机&js=1&style=list&stats_click=search_radio_all%3A1&ie=utf8,折叠式 头戴 耳机,,折叠,面条,,beats,,,,,,,,0,Frank_Mei,
0,,,EJ03,EJ03,EJ03,耳机,http://world.taobao.com/item/522606643900.htm#detail,便携式耳机,,https://s.taobao.com/search?q=便携式耳机&js=1&style=list&stats_click=search_radio_all%3A1&ie=utf8,便携式耳机,,,,,NA,,,,,,,,0,,
0,,,FC01,FC01,FC01,防尘,https://item.taobao.com/item.htm?spm=a230r.1.14.53.57ZLrH&id=522606643900&ns=1&abbucket=10,精美防尘塞,,https://s.taobao.com/search?q=防尘塞&js=1&style=list&stats_click=search_radio_all%3A1&ie=utf8,防尘塞,,,,,NA,,,,,,,,0,,
0,,,FD01,FD01,FD01,防丢,https://item.taobao.com/item.htm?spm=a230r.1.14.47.D7usJI&id=45211183332&ns=1&abbucket=3,镜头盖防丢绳,,https://s.taobao.com/search?q=镜头盖 防丢绳&js=1&style=list&stats_click=search_radio_all%3A1&ie=utf8,镜头盖 防丢绳,,,,,NA,,,,,,,,0,Frank Mei,
1,,,FD05,FD05,FD05,防丢,http://world.taobao.com/item/35540978058.htm#detail,镜头防丢扣,,https://s.taobao.com/search?q=镜头防丢扣&js=1&style=list&stats_click=search_radio_all%3A1&ie=utf8,镜头防丢扣,,,,,NA,,,,,,,,0,Yimin,
1,,,FD07,FD07,FD07,防丢,http://world.taobao.com/item/41802068265.htm#detail,相机镜头扣,,https://s.taobao.com/search?q=相机镜头扣&js=1&style=list&stats_click=search_radio_all%3A1&ie=utf8,相机镜头扣,,,,,NA,,,,,,,,0,Sa Wang,
0,,,FH01,FH01,FH01,防护屏,http://world.taobao.com/item/44419589190.htm#detail,专用金刚防护屏,,https://s.taobao.com/search?q=金刚防护屏&js=1&style=list&stats_click=search_radio_all%3A1&ie=utf8,金刚防护屏,,,,,,,,,,,,,0,,
0,,,FH02,,,防护屏,http://world.taobao.com/item/24596036343.htm#detail,宝贝 Baby EOS700D 防护屏高透光高强度全面防护,,https://s.taobao.com/search?q=宝贝 Baby 700D 防护屏&js=1&style=list&stats_click=search_radio_all%3A1&ie=utf8,宝贝 Baby 700D 防护屏,,,,,宝贝,,,,,,,,1,Frank_Mei,
1,,,FH03,FH03,FH03,防护屏,http://world.taobao.com/item/521513506795.htm#detail,液晶保护屏,,https://s.taobao.com/search?q=相机 液晶保护屏&js=1&style=list&stats_click=search_radio_all%3A1&ie=utf8,相机 液晶保护屏,,,,,NA,,,,,,,,0,Yimin,
0,,,FH04,FH04,FH04,防护屏,http://world.taobao.com/item/41802068265.htm#detail,防爆金刚贴,,https://s.taobao.com/search?q=相机 防爆金刚贴&js=1&style=list&stats_click=search_radio_all%3A1&ie=utf8,相机 防爆金刚贴,,,,,NA,,,,,,,,0,Sa Wang,
0,,,FP01,x,x,发票,http://world.tmall.com/item/45837345735.htm#detail?sku_properties=5919063:6536025,联保机打发票,,https://s.taobao.com/search?q=联保机打发票&js=1&style=list&stats_click=search_radio_all%3A1&ie=utf8,联保机打发票,,,,,,,,,,,,,0,,
0,,,FP02,x,x,发票,https://item.taobao.com/item.htm?spm=a230r.1.14.53.57ZLrH&id=522606643900&ns=1&abbucket=12,机打保修收据?,,https://s.taobao.com/search?q=机打保修收据?&js=1&style=list&stats_click=search_radio_all%3A1&ie=utf8,机打保修收据?,,,,,NA,,,,,,,,0,,
0,,,FW01,x,x,服务,https://detail.tmall.com/item.htm?spm=a230r.1.14.3.57ZLrH&id=45126747218&cm_id=140105335569ed55e27b&abbucket=5&sku_properties=5919063:6536031,3年店铺保修,,https://s.taobao.com/search?q=3年店铺保修&js=1&style=list&stats_click=search_radio_all%3A1&ie=utf8,3年店铺保修,,,,,,,,,,,,,0,Amy,
0,,,FW02,x,x,服务,https://detail.tmall.com/item.htm?spm=a230r.1.14.3.57ZLrH&id=45126747218&cm_id=140105335569ed55e27b&abbucket=5&sku_properties=5919063:6536031,2年店铺保修,,https://s.taobao.com/search?q=2年店铺保修&js=1&style=list&stats_click=search_radio_all%3A1&ie=utf8,2年店铺保修,,,,,,,,,,,,,0,Amy,
0,,,FW03,x,x,服务,http://world.tmall.com/item/23931676362.htm?spm=a312a.7700714.0.0.VDbzGU&sku_properties=5919063:3266779,相机延保1年 1+1=2年保修,,https://s.taobao.com/search?q=相机延保1年 1+1=2年保修&js=1&style=list&stats_click=search_radio_all%3A1&ie=utf8,相机延保1年 1+1=2年保修,,,,,NA,,,,,,,,0,Yimin,
0,,,FW04,x,x,服务,https://detail.tmall.com/item.htm?spm=a1z10.1-b.w10601359-11969790723.1.KR68bi&id=520962998732&rn=d16a81a2eab52b2551f11b5143fb1053&abbucket=14&sku_properties=5919063:6536025&scene=taobao_shop,5年全国联保,,https://s.taobao.com/search?q=5年全国联保&js=1&style=list&stats_click=search_radio_all%3A1&ie=utf8,5年全国联保,,,,,NA,,,,,,,,0,,
0,,,FW05,x,x,服务,http://world.tmall.com/item/523785599849.htm#detail,保修卡,,https://s.taobao.com/search?q=保修卡&js=1&style=list&stats_click=search_radio_all%3A1&ie=utf8,保修卡,,,,,佳能,,,,,,,,0,Amy,
0,,,FW06,x,x,服务,http://world.taobao.com/item/44419589190.htm#detail,延长五年保修,,https://s.taobao.com/search?q=延长五年保修&js=1&style=list&stats_click=search_radio_all%3A1&ie=utf8,延长五年保修,,,,,,,,,,,,,0,,
0,,,FW07,x,x,服务,https://detail.tmall.com/item.htm?spm=a230r.1.14.3.57ZLrH&id=45126747218&cm_id=140105335569ed55e27b&abbucket=5&sku_properties=5919063:6536031,全国顺丰包邮,,https://s.taobao.com/search?q=全国顺丰包邮&js=1&style=list&stats_click=search_radio_all%3A1&ie=utf8,全国顺丰包邮,,,,,,,,,,,,,0,Amy,
0,,,FW08,x,x,服务,https://item.taobao.com/item.htm?spm=a230r.1.14.49.rC1TEB&id=43474381580&ns=1&abbucket=24,全国包邮,,https://s.taobao.com/search?q=全国包邮&js=1&style=list&stats_click=search_radio_all%3A1&ie=utf8,全国包邮,,,,,NA,,,,,,,,0,Yimin_Fu,
0,,,FW09,x,x,服务,http://world.taobao.com/item/44799639459.htm#detail,四年延保服务,,https://s.taobao.com/search?q=四年延保服务&js=1&style=list&stats_click=search_radio_all%3A1&ie=utf8,四年延保服务,,,,,,,,,,,,,0,,
0,,,FW10,x,x,服务,https://detail.tmall.com/item.htm?spm=a230r.1.14.3.57ZLrH&id=45126747218&cm_id=140105335569ed55e27b&abbucket=5&sku_properties=5919063:6536025,一年全国联保,,https://s.taobao.com/search?q=一年全国联保&js=1&style=list&stats_click=search_radio_all%3A1&ie=utf8,一年全国联保,,,,,,,,,,,,,0,Amy,
0,,,FW11,x,x,服务,https://item.taobao.com/item.htm?spm=a230r.1.14.47.D7usJI&id=45211183332&ns=1&abbucket=3,金牌全免售后五年(检测费-维修费-来回邮费全免),,https://s.taobao.com/search?q=金牌全免售后五年(检测费-维修费-来回邮费全免)&js=1&style=list&stats_click=search_radio_all%3A1&ie=utf8,金牌全免售后五年(检测费-维修费-来回邮费全免),,,,,NA,,,,,,,,0,Frank Mei,
0,,,FW12,x,x,服务,http://world.taobao.com/item/41599133465.htm#detail,视频版摄影培训教程,,https://s.taobao.com/search?q=视频版摄影培训教程&js=1&style=list&stats_click=search_radio_all%3A1&ie=utf8,视频版摄影培训教程,,,,,NA,,,,,,,,0,Yimin,
0,,,FW13,x,x,服务,https://detail.tmall.com/item.htm?spm=a230r.1.14.3.57ZLrH&id=45126747218&cm_id=140105335569ed55e27b&abbucket=5&sku_properties=5919063:6536030,15天无理由退换货,,https://s.taobao.com/search?q=15天无理由退换货&js=1&style=list&stats_click=search_radio_all%3A1&ie=utf8,15天无理由退换货,,,,,,,,,,,,,0,Amy,
0,,,FW14,x,x,服务,http://world.taobao.com/item/37443266749.htm#detail,相机免费质保三年,,https://s.taobao.com/search?q=相机免费质保三年&js=1&style=list&stats_click=search_radio_all%3A1&ie=utf8,相机免费质保三年,,,,,,,,,,,,,0,Frank,
0,,,FW15,x,x,服务,http://world.taobao.com/item/521513506795.htm#detail,五年免费质保,,https://s.taobao.com/search?q=五年免费质保&js=1&style=list&stats_click=search_radio_all%3A1&ie=utf8,五年免费质保,,,,,NA,,,,,,,,0,Yimin,
0,,,FW16,x,x,服务,http://world.taobao.com/item/521513506795.htm#detail,顺丰／圆通包邮,,https://s.taobao.com/search?q=顺丰／圆通包邮&js=1&style=list&stats_click=search_radio_all%3A1&ie=utf8,顺丰／圆通包邮,,,,,NA,,,,,,,,0,Yimin,
0,,,FW17,x,x,服务,http://world.taobao.com/item/23896264169.htm#detail,免邮主要城市,,https://s.taobao.com/search?q=免邮主要城市&js=1&style=list&stats_click=search_radio_all%3A1&ie=utf8,免邮主要城市,,,,,,,,,,,,,0,Yukun_He,
0,,,FW18,x,x,服务,http://world.taobao.com/item/40148868087.htm#detail,好评支付宝返现10元,,https://s.taobao.com/search?q=好评支付宝返现10元&js=1&style=list&stats_click=search_radio_all%3A1&ie=utf8,好评支付宝返现10元,,,,,,,,,,,,,0,Yukun_He,
0,,,FW19,x,x,服务,http://world.taobao.com/item/16831203027.htm#detail,EMS／顺丰包邮,,https://s.taobao.com/search?q=EMS／顺丰包邮&js=1&style=list&stats_click=search_radio_all%3A1&ie=utf8,EMS／顺丰包邮,,,,,NA,,,,,,,,0,Yimin,
0,,,FW20,x,x,服务,http://world.tmall.com/item/44231886556.htm#detail?sku_properties=5919063:6536025,一年店铺保修,,https://s.taobao.com/search?q=一年店铺保修&js=1&style=list&stats_click=search_radio_all%3A1&ie=utf8,一年店铺保修,,,,,NA,,,,,,,,0,Yimin,
1,,,GJ01,GJ01,GJ01,星光镜,https://item.taobao.com/item.htm?spm=a230r.1.14.27.57ZLrH&id=522137161830&ns=1&abbucket=5,星光镜,,https://s.taobao.com/search?q=星光镜&js=1&style=list&stats_click=search_radio_all%3A1&ie=utf8,星光镜,,,,,,,,,,,,,0,,
1,,,GJ02,GJ02,GJ02,星光镜,https://item.taobao.com/item.htm?spm=a230r.1.14.45.JooTKV&id=42445756648&ns=1&abbucket=2,艾蒙星光镜,,https://s.taobao.com/search?q=艾蒙 星光镜&js=1&style=list&stats_click=search_radio_all%3A1&ie=utf8,艾蒙 星光镜,,,,,艾蒙,,,,,,,,0,Xuncheng,
1,,,GJ03,GJ03,GJ03,星光镜,http://world.taobao.com/item/42681494957.htm#detail,卓美8线星光镜,,https://s.taobao.com/search?q=卓美 8线 星光镜&js=1&style=list&stats_click=search_radio_all%3A1&ie=utf8,卓美 8线 星光镜,,,,,卓美,,,,,,,,1,Frank_Mei,
1,,,GJ04,GJ04,GJ04,星光镜,http://world.taobao.com/item/43168072227.htm#detail,绿叶星光镜,,https://s.taobao.com/search?q=绿叶 星光镜&js=1&style=list&stats_click=search_radio_all%3A1&ie=utf8,绿叶 星光镜,,,,,绿叶,,,,,,,,0,Carol Guo,
0,,,GP01,GP01,GP01,光盘,https://detail.tmall.com/item.htm?spm=a230r.1.14.15.57ZLrH&id=44848285990&cm_id=140105335569ed55e27b&abbucket=5&skuId=82840486712,EOS数码解决方案光盘,,https://s.taobao.com/search?q=&js=1&style=list&stats_click=search_radio_all%3A1&ie=utf8,,,,,,,,,,,,,,0,Shuying Wu,
0,,,GS01,GS01,GS01,机身盖,https://detail.tmall.com/item.htm?spm=a230r.1.14.3.57ZLrH&id=45126747218&cm_id=140105335569ed55e27b&abbucket=5&sku_properties=5919063:6536025,机身盖,,https://s.taobao.com/search?q=佳能机身盖&js=1&style=list&stats_click=search_radio_all%3A1&ie=utf8,佳能机身盖,,,,,,,,,,,,,0,Amy,
0,,,HF01,HF01,HF01,网络话费,https://item.taobao.com/item.htm?spm=a230r.1.14.27.57ZLrH&id=522137161830&ns=1&abbucket=5,价值100元（600分钟）微会话费,,https://s.taobao.com/search?q=&js=1&style=list&stats_click=search_radio_all%3A1&ie=utf8,,,,,,微会,,,,,,,,0,Sudan Ouyang,
1,,,HJ01,HJ01,HJ01,中灰镜,https://item.taobao.com/item.htm?spm=a230r.1.14.27.57ZLrH&id=522137161830&ns=1&abbucket=5,中灰镜,,https://s.taobao.com/search?q=中灰镜&js=1&style=list&stats_click=search_radio_all%3A1&ie=utf8,中灰镜,,,,,,,,,,,,,0,,
1,,,JB01,JB01,,镜头笔,https://item.taobao.com/item.htm?spm=a230r.1.14.47.D7usJI&id=45211183332&ns=1&abbucket=3,镜头笔,,https://s.taobao.com/search?q=镜头笔&js=1&style=list&stats_click=search_radio_all%3A1&ie=utf8,镜头笔,,,,,NA,,,,,,,,0,Frank Mei,
1,,,JB03,JB03,JB03,镜头笔,http://world.tmall.com/item/44843925113.htm#detail,nisi正品耐司镜头笔,,https://s.taobao.com/search?q=nisi 耐司 镜头笔&js=1&style=list&stats_click=search_radio_all%3A1&ie=utf8,nisi 耐司 镜头笔,,,,,nisi,,,,,,,,0,,
0,,,JB04,JB04,JB04,清洁,http://world.taobao.com/item/35674260254.htm#detail,清洁笔,,https://s.taobao.com/search?q=相机清洁笔&js=1&style=list&stats_click=search_radio_all%3A1&ie=utf8,相机清洁笔,,,,,,,,,,,,,0,Yukun_He,
0,,,JB04,JB01,,镜头笔,http://world.taobao.com/item/43859660891.htm#detail,高级清洁笔,,https://s.taobao.com/search?q=相机清洁笔&js=1&style=list&stats_click=search_radio_all%3A1&ie=utf8,相机清洁笔,,,,,NA,,,,,,,,0,Yimin,
0,,,JB05,JB01,,镜头笔,http://world.taobao.com/item/24596036343.htm#detail,国际通专业镜头笔,,https://s.taobao.com/search?q=国际通 镜头笔&js=1&style=list&stats_click=search_radio_all%3A1&ie=utf8,国际通 镜头笔,,,,,国际通,,,,,,,,0,Frank_Mei,
0,,,JB06,JB06,JB06,镜头笔,https://item.taobao.com/item.htm?spm=a230r.1.14.49.rC1TEB&id=43474381580&ns=1&abbucket=28,镜头清洁笔,,https://s.taobao.com/search?q=镜头清洁笔&js=1&style=list&stats_click=search_radio_all%3A1&ie=utf8,镜头清洁笔,,,,,NA,,,,,,,,0,Yimin_Fu,
0,,,JC01,,,教材,https://detail.tmall.com/item.htm?spm=a230r.1.14.3.57ZLrH&id=45126747218&cm_id=140105335569ed55e27b&abbucket=5&sku_properties=5919063:6536025,蚂蚁原创大白话教程2.0,,https://s.taobao.com/search?q=蚂蚁原创大白话教程2.0&js=1&style=list&stats_click=search_radio_all%3A1&ie=utf8,蚂蚁原创大白话教程2.0,,,,,,,,,,,,,1,Amy,
0,,,JC02,JC02,JC02,教材,https://item.taobao.com/item.htm?spm=a230r.1.14.53.57ZLrH&id=522606643900&ns=1&abbucket=11,摄影教材,,https://s.taobao.com/search?q=摄影教材&js=1&style=list&stats_click=search_radio_all%3A1&ie=utf8,摄影教材,,,,,na,,,,,,,,0,,
0,,,JC03,,,教材,https://detail.tmall.com/item.htm?spm=a230r.1.14.15.57ZLrH&id=44848285990&cm_id=140105335569ed55e27b&abbucket=5&skuId=82840486715,佳能园地季刊,,https://s.taobao.com/search?q=佳能园地季刊&js=1&style=list&stats_click=search_radio_all%3A1&ie=utf8,佳能园地季刊,,,,,,,,,,,,,1,Shuying Wu,
0,,,JC04,JC04,JC04,教材,http://world.taobao.com/item/522610228084.htm#detail,电子版摄影培训教材,,https://s.taobao.com/search?q=电子版摄影培训教材&js=1&style=list&stats_click=search_radio_all%3A1&ie=utf8,电子版摄影培训教材,,,,,,,,,,,,,0,,
0,,,JC05,,,教材,http://world.taobao.com/item/522610228084.htm#detail,电子版摄影基础与入门书,,https://s.taobao.com/search?q=电子版摄影基础与入门书&js=1&style=list&stats_click=search_radio_all%3A1&ie=utf8,电子版摄影基础与入门书,,,,,,,,,,,,,0,,
0,,,JC06,,,教材,http://world.taobao.com/item/19999809846.htm#detail,专业专用电子版培训教材,,https://s.taobao.com/search?q=专业专用电子版培训教材&js=1&style=list&stats_click=search_radio_all%3A1&ie=utf8,专业专用电子版培训教材,,,,,,,,,,,,,0,Yimin,
0,,,JC07,JC07,JC07,教材,http://world.taobao.com/item/19999809846.htm#detail,《入门摄影书》纸质书一本,,https://s.taobao.com/search?q=《入门摄影书》纸质书一本&js=1&style=list&stats_click=search_radio_all%3A1&ie=utf8,《入门摄影书》纸质书一本,,,,,,,,,,,,,0,Frank_Mei,
0,,,JC08,JC08,JC08,教材,http://world.taobao.com/item/43736454825.htm#detail,基础入门书,,https://s.taobao.com/search?q=基础入门书&js=1&style=list&stats_click=search_radio_all%3A1&ie=utf8,基础入门书,,,,,NA,,,,,,,,0,Yimin,
0,,,JD01,,,金刚屏,https://item.taobao.com/item.htm?spm=a230r.1.14.47.D7usJI&id=45211183332&ns=1&abbucket=3,佳能金刚屏,,https://s.taobao.com/search?q=佳能金刚屏&js=1&style=list&stats_click=search_radio_all%3A1&ie=utf8,佳能金刚屏,,,,,佳能,,,,,,,,0,Frank Mei,
0,,,JD02,,,金刚屏,https://item.taobao.com/item.htm?spm=a230r.1.14.45.JooTKV&id=42445756648&ns=1&abbucket=2,防爆金刚屏,,https://s.taobao.com/search?q=佳能金刚屏&js=1&style=list&stats_click=search_radio_all%3A1&ie=utf8,佳能金刚屏,,,,,NA,,,,,,,,0,Xuncheng,
1,,,JD03,,,金刚屏,http://world.taobao.com/item/44895648806.htm#detail,高级金刚屏,,https://s.taobao.com/search?q=佳能金刚屏&js=1&style=list&stats_click=search_radio_all%3A1&ie=utf8,佳能金刚屏,,金刚,,,佳能,,,,,,,,0,,
0,,,JG01,JG01,JG01,镜头盖,https://detail.tmall.com/item.htm?spm=a230r.1.14.3.57ZLrH&id=45126747218&cm_id=140105335569ed55e27b&abbucket=5&sku_properties=5919063:6536025,镜头盖,,https://s.taobao.com/search?q=佳能镜头盖&js=1&style=list&stats_click=search_radio_all%3A1&ie=utf8,佳能镜头盖,,,,,,,,,,,,,0,Amy,
0,,,JP04,,,镜头,http://world.taobao.com/item/522606643900.htm#detail,自拍镜,,https://s.taobao.com/search?q=自拍镜&js=1&style=list&stats_click=search_radio_all%3A1&ie=utf8,自拍镜,,,,,NA,,,,,,,,0,Juexiao&Sasha,
0,,,JQ01,JQ01,JQ01,近摄接圈,http://world.taobao.com/item/44895648806.htm#detail,近摄接圈,,https://s.taobao.com/search?q=佳能 近摄接圈&js=1&style=list&stats_click=search_radio_all%3A1&ie=utf8,佳能 近摄接圈,,,,,,,,,,,,,0,,
1,,,JQ02,JQ02,JQ02,近摄镜,http://world.taobao.com/item/19999809846.htm#detail,绿叶近摄镜,,https://s.taobao.com/search?q=绿叶 近摄镜&js=1&style=list&stats_click=search_radio_all%3A1&ie=utf8,绿叶 近摄镜,,,,,绿叶,,,,,,,,0,Yimin,
0,,,JS01,JS01,JS01,镜头绳,http://world.taobao.com/item/44895648806.htm#detail,镜头绳,,https://s.taobao.com/search?q=佳能 镜头绳&js=1&style=list&stats_click=search_radio_all%3A1&ie=utf8,佳能 镜头绳,,,,,,,,,,,,,0,,
0,,,JT04,,,镜头,http://world.taobao.com/item/522606643900.htm#detail,自拍镜,,https://s.taobao.com/search?q=自拍镜&js=1&style=list&stats_click=search_radio_all%3A1&ie=utf8,自拍镜,,,,,,,,,,,,,1,,
0,,,JZ01,JZ01,JZ01,镜头纸,http://world.taobao.com/item/27462844289.htm?spm=a312a.7700714.0.0.noAj4C#detail,品胜镜头纸,,https://s.taobao.com/search?q=品胜镜头纸&js=1&style=list&stats_click=search_radio_all%3A1&ie=utf8,品胜镜头纸,,,,,品胜,,,,,,,,0,Sharon Li,
0,,,JZ02,JZ02,JZ02,镜头纸,http://world.tmall.com/item/23931676362.htm?spm=a312a.7700714.0.0.VDbzGU&sku_properties=5919063:3266779,专业清洁镜头纸,,https://s.taobao.com/search?q=镜头纸&js=1&style=list&stats_click=search_radio_all%3A1&ie=utf8,镜头纸,,,,,NA,,,,,,,,0,Yimin,
0,,,JZ03,,,镜头纸,http://world.taobao.com/item/44799639459.htm#detail,擦镜纸,,https://s.taobao.com/search?q=镜头纸&js=1&style=list&stats_click=search_radio_all%3A1&ie=utf8,镜头纸,,,,,,,,,,,,,0,Shuying,
0,,,JZ04,,,镜头纸,http://world.taobao.com/item/36574928690.htm#detail,麂皮擦镜纸,,https://s.taobao.com/search?q=麂皮 镜&js=1&style=list&stats_click=search_radio_all%3A1&ie=utf8,麂皮 镜,,,,,,,,,,,,,0,,
0,,,JZ05,,,镜头纸,http://world.taobao.com/item/43859660891.htm#detail,镜头纸,,https://s.taobao.com/search?q=镜头纸&js=1&style=list&stats_click=search_radio_all%3A1&ie=utf8,镜头纸,,,,,NA,,,,,,,,0,Yimin,
0,,,JZ08,,,镜头纸,http://world.taobao.com/item/523084126902.htm#detail,品胜魔布 品胜镜头纸,,https://s.taobao.com/search?q=品胜魔布&js=1&style=list&stats_click=search_radio_all%3A1&ie=utf8,品胜魔布,,,,,品胜,,,,,,,,0,,
0,,,LJ05,LJ05,LJ05,滤镜,http://world.taobao.com/item/20167630571.htm#detail,普通通用滤镜,,https://s.taobao.com/search?q=普通 滤镜&js=1&style=list&stats_click=search_radio_all%3A1&ie=utf8,普通 滤镜,,,,,NA,,,,,,,,0,Carol Guo,
0,,,LP01,LP01,LP01,礼品,http://world.taobao.com/item/19999809846.htm#detail,温馨小礼品,,https://s.taobao.com/search?q=温馨小礼品&js=1&style=list&stats_click=search_radio_all%3A1&ie=utf8,温馨小礼品,,,,,,,,,,,,,0,Yimin,
0,,,LP02,x,x,礼品,http://world.taobao.com/item/25673844634.htm#detail,神密大礼,,https://s.taobao.com/search?q=神密大礼&js=1&style=list&stats_click=search_radio_all%3A1&ie=utf8,神密大礼,,,,,,,,,,,,,0,,
1,,,MA01,MZ01,MZ01,EOS帽子,https://detail.tmall.com/item.htm?spm=a230r.1.14.15.57ZLrH&id=44848285990&cm_id=140105335569ed55e27b&abbucket=5&skuId=82840486719,EOS帽子,,https://s.taobao.com/search?q=EOS帽子&js=1&style=list&stats_click=search_radio_all%3A1&ie=utf8,EOS帽子,,帽子,,,canon,,,,,,,,0,Shuying Wu,
0,,,MO01,MO01,MO01,保护膜,https://item.taobao.com/item.htm?spm=a230r.1.14.49.rC1TEB&id=43474381580&ns=1&abbucket=20,屏幕保护膜,,https://s.taobao.com/search?q=佳能相机 屏幕保护膜&js=1&style=list&stats_click=search_radio_all%3A1&ie=utf8,佳能相机 屏幕保护膜,,,,,NA,,,,,,,,0,Yimin_Fu,
0,,,MO02,MO02,MO02,保护膜,http://world.taobao.com/item/522610228084.htm#detail,LCD保护膜,,https://s.taobao.com/search?q=佳能相机 LCD保护膜&js=1&style=list&stats_click=search_radio_all%3A1&ie=utf8,佳能相机 LCD保护膜,,,,,,,,,,,,,0,,
0,,,MO03,,,保护膜,http://world.taobao.com/item/24596036343.htm#detail,品胜EOS700D专用保护膜,,https://s.taobao.com/search?q=品胜 佳能相机 保护膜&js=1&style=list&stats_click=search_radio_all%3A1&ie=utf8,品胜 佳能相机 保护膜,,,,,品胜,,,,,,,,0,Frank_Mei,
1,,,MO04,,,保护膜,http://world.taobao.com/item/41599133465.htm#detail,保护膜,,https://s.taobao.com/search?q=佳能相机 保护膜&js=1&style=list&stats_click=search_radio_all%3A1&ie=utf8,佳能相机 保护膜,,,,,NA,,,,,,,,0,Yimin,
0,,,MO05,,,保护膜,http://world.taobao.com/item/19999809846.htm#detail,LCD液晶保护贴＊3张,,https://s.taobao.com/search?q=佳能相机 LCD保护膜&js=1&style=list&stats_click=search_radio_all%3A1&ie=utf8,佳能相机 LCD保护膜,,,,,,,,,,,,,0,,
0,,,MO06,,,保护膜,http://world.taobao.com/item/19999809846.htm#detail,液晶保护贴膜,,https://s.taobao.com/search?q=佳能相机 LCD保护膜&js=1&style=list&stats_click=search_radio_all%3A1&ie=utf8,佳能相机 LCD保护膜,,,,,NA,,,,,,,,0,Yimin,
0,,,MO07,MO07,MO07,保护膜,http://world.taobao.com/item/38708270318.htm#detail,防静电高清保护膜,,https://s.taobao.com/search?q=佳能相机 保护膜&js=1&style=list&stats_click=search_radio_all%3A1&ie=utf8,佳能相机 保护膜,,,,,NA,,,,,,,,0,Yimin,
0,,,MO08,,,保护膜,http://world.tmall.com/item/43452978184.htm#detail,高清膜,,https://s.taobao.com/search?q=佳能相机 高清膜&js=1&style=list&stats_click=search_radio_all%3A1&ie=utf8,佳能相机 高清膜,,,,,NA,,,,,,,,0,Frank_Mei,
1,,,MO09,MO09,MO09,保护膜,http://world.taobao.com/item/523100968788.htm#detail,金刚贴膜,,https://s.taobao.com/search?q=佳能相机 金刚贴膜&js=1&style=list&stats_click=search_radio_all%3A1&ie=utf8,佳能相机 金刚贴膜,,,,,,,,,,,,,0,,
0,,,MO10,,,保护膜,http://world.taobao.com/item/18820622609.htm#detail,品胜高级屏幕保护贴,,https://s.taobao.com/search?q=品胜 佳能相机 保护膜&js=1&style=list&stats_click=search_radio_all%3A1&ie=utf8,品胜 佳能相机 保护膜,,,,,品胜,,,,,,,,0,Yukun_He,
0,,,MO11,,,保护膜,http://world.taobao.com/item/23969324559.htm#detail,佳能专业相机液晶保护膜,,https://s.taobao.com/search?q=佳能相机 LCD保护膜&js=1&style=list&stats_click=search_radio_all%3A1&ie=utf8,佳能相机 LCD保护膜,,,,,佳能,,,,,,,,0,Suyang Lu,
0,,,MO12,MO12,MO12,保护膜,http://world.tmall.com/item/44843925113.htm#detail,专用三层高透静电保护膜,,https://s.taobao.com/search?q=佳能相机 三层 保护膜&js=1&style=list&stats_click=search_radio_all%3A1&ie=utf8,佳能相机 三层 保护膜,,,,,三层,,,,,,,,0,,
0,,,MO13,MO13,MO13,保护膜,https://detail.tmall.com/item.htm?spm=a1z10.5-b.w4011-11731726517.91.6phQ9D&id=44862924994&rn=a68d17c1869d30ad6ce6a9c102d72f39&abbucket=15&sku_properties=5919063:6536025,沃尔夫冈金刚贴,,https://s.taobao.com/search?q=沃尔夫冈 wolfgang 佳能金刚贴&js=1&style=list&stats_click=search_radio_all%3A1&ie=utf8,沃尔夫冈 wolfgang 佳能金刚贴,,,,,,,,,,,,,0,,
0,,,MO14,MO14,MO14,贴膜,http://world.tmall.com/item/23931676362.htm?spm=a312a.7700714.0.0.VDbzGU&sku_properties=5919063:3266779,佳能EOS 5D专用专业防护 金刚贴膜,,https://s.taobao.com/search?q=佳能 5D 金刚贴膜&js=1&style=list&stats_click=search_radio_all%3A1&ie=utf8,佳能 5D 金刚贴膜,,,,,佳能,,,,,,,,0,,
0,,,MO15,MO15,MO15,贴膜,https://item.taobao.com/item.htm?spm=a230r.1.14.53.57ZLrH&id=522606643900&ns=1&abbucket=7,索尼屏幕贴,,https://s.taobao.com/search?q=索尼 相机屏幕贴&js=1&style=list&stats_click=search_radio_all%3A1&ie=utf8,索尼 相机屏幕贴,,,,,索尼,,,,,,,,0,,
0,,,MO16,MO16,MO16,贴膜,http://world.taobao.com/item/521513506795.htm#detail,防辐射贴,,https://s.taobao.com/search?q=佳能相机 保护膜&js=1&style=list&stats_click=search_radio_all%3A1&ie=utf8,佳能相机 保护膜,,,,,,,,,,,,,0,,
0,,,MO17,,,贴膜,http://world.taobao.com/item/23924620234.htm#detail,高级防水贴膜,,https://s.taobao.com/search?q=佳能相机 防水贴膜&js=1&style=list&stats_click=search_radio_all%3A1&ie=utf8,佳能相机 防水贴膜,,,,,,,,,,,,,1,,
,,,MS01,x,x,说明书,https://detail.tmall.com/item.htm?spm=a230r.1.14.15.57ZLrH&id=44848285990&cm_id=140105335569ed55e27b&abbucket=5&skuId=82840486711,相机使用说明书,,https://s.taobao.com/search?q=相机使用说明书&js=1&style=list&stats_click=search_radio_all%3A1&ie=utf8,相机使用说明书,,,,,,,,,,,,,0,Shuying Wu,
,,,MS02,x,x,说明书,https://item.taobao.com/item.htm?spm=a230r.1.14.49.rC1TEB&id=43474381580&ns=1&abbucket=8,软件使用说明书,,https://s.taobao.com/search?q=软件使用说明书&js=1&style=list&stats_click=search_radio_all%3A1&ie=utf8,软件使用说明书,,,,,Canon,,,,,,,,0,Yimin_Fu,
0,,,ND01,ND01,ND01,摄影包,http://world.tmall.com/item/20728727154.htm#detail?sku_properties=5919063:6536025,单反内胆包,,https://s.taobao.com/search?q=单反内胆包&js=1&style=list&stats_click=search_radio_all%3A1&ie=utf8,单反内胆包,,,,,,,,,,,,,0,Yukun_He,
1,,,ND02,ND01,ND01,内胆包,http://world.taobao.com/item/523084126902.htm#detail,内胆防震包,,https://s.taobao.com/search?q=相机 内胆防震包&js=1&style=list&stats_click=search_radio_all%3A1&ie=utf8,相机 内胆防震包,,,,,,,,,,,,,0,,
0,,,ND03,ND03,ND03,内胆包,https://item.taobao.com/item.htm?spm=a230r.1.14.53.57ZLrH&id=522606643900&ns=1&abbucket=15,佳能内胆包,,https://s.taobao.com/search?q=佳能内胆包&js=1&style=list&stats_click=search_radio_all%3A1&ie=utf8,佳能内胆包,,,,,佳能,,,,,,,,0,,
0,,,PG01,PG01,PG01,自拍杆,http://world.taobao.com/item/19999809846.htm#detail,自拍杆,,https://s.taobao.com/search?q=自拍杆&js=1&style=list&stats_click=search_radio_all%3A1&ie=utf8,自拍杆,,,,,,,,,,,,,0,Yimin,
,,,PG02,,,自拍杆,http://world.tmall.com/item/524363803259.htm#detail?sku_properties=5919063:6536025,云腾自拍支撑,,https://s.taobao.com/search?q=云腾188自拍&js=1&style=list&stats_click=search_radio_all%3A1&ie=utf8,云腾188自拍,,,,,云腾,,,,,,,,,,
1,,,PZ01,PZ01,PZ01,偏振镜,https://item.taobao.com/item.htm?spm=a230r.1.14.27.57ZLrH&id=522137161830&ns=1&abbucket=5,CPL偏振镜,,https://s.taobao.com/search?q=CPL偏振镜&js=1&style=list&stats_click=search_radio_all%3A1&ie=utf8,CPL偏振镜,,CPL,,,,,,,,,,,0,Sudan Ouyang,
1,,,PZ02,PZ02,PZ02,偏振镜,http://world.taobao.com/item/27462844289.htm?spm=a312a.7700714.0.0.noAj4C#detail,kase 专业偏振镜,,https://s.taobao.com/search?q=kase 偏振镜&js=1&style=list&stats_click=search_radio_all%3A1&ie=utf8,kase 偏振镜,,,,,kase,,,,,,,,0,Sharon Li,
1,,,PZ03,PZ03,PZ03,偏振镜,http://world.taobao.com/item/27462844289.htm#detail,kase67CPL专业偏振镜片,,https://s.taobao.com/search?q=kase 67 CPL 偏振镜&js=1&style=list&stats_click=search_radio_all%3A1&ie=utf8,kase 67 CPL 偏振镜,,CPL,67mm,,KASE,,,,,,,,0,Yimin,
0,,,PZ04,PZ04,PZ04,偏振镜,http://world.tmall.com/item/23931676362.htm?spm=a312a.7700714.0.0.VDbzGU&sku_properties=5919063:3266779,变色龙HD高清CPL偏振镜,,https://s.taobao.com/search?q=变色龙 CPL 偏振镜&js=1&style=list&stats_click=search_radio_all%3A1&ie=utf8,变色龙 CPL 偏振镜,,,,,变色龙,,,,,,,,1,,
1,,,PZ06,PZ06,PZ06,偏振镜,https://item.taobao.com/item.htm?spm=a230r.1.14.45.JooTKV&id=42445756648&ns=1&abbucket=3,艾蒙偏振镜,,https://s.taobao.com/search?q=艾蒙偏振镜&js=1&style=list&stats_click=search_radio_all%3A1&ie=utf8,艾蒙偏振镜,,,,,艾蒙,,,,,,,,1,Xuncheng,
1,,,PZ07,PZ07,PZ07,偏振镜,http://world.taobao.com/item/24596036343.htm#detail,肯高58CPL专业偏振镜片,,https://s.taobao.com/search?q=肯高 58 CPL 偏振镜&js=1&style=list&stats_click=search_radio_all%3A1&ie=utf8,肯高 58 CPL 偏振镜,,CPL,58mm,,肯高,,,,,,,,0,Frank_Mei,
1,,,PZ08,PZ08,PZ08,偏振镜,http://world.taobao.com/item/522610228084.htm#detail,绿叶CPL偏振镜,,https://s.taobao.com/search?q=绿叶 CPL 偏振镜&js=1&style=list&stats_click=search_radio_all%3A1&ie=utf8,绿叶 CPL 偏振镜,,CPL,,,,,,,,,,,0,,
1,,,PZ09,,,偏振镜,http://world.taobao.com/item/35540978058.htm#detail,莱福特CPL,,https://s.taobao.com/search?q=莱福特 CPL&js=1&style=list&stats_click=search_radio_all%3A1&ie=utf8,莱福特 CPL,,CPL,,,莱福特,,,,,,,,0,Yimin,
1,,,PZ10,,,偏振镜,http://world.tmall.com/item/26519380192.htm#detail?sku_properties=5919063:6536025,正品LIDA丽达偏振CPL镜,,https://s.taobao.com/search?q=LIDA 丽达 偏振 CPL&js=1&style=list&stats_click=search_radio_all%3A1&ie=utf8,LIDA 丽达 偏振 CPL,,CPL,,,丽达,,,,,,,,0,Yimin,
0,,,PZ11,PZ06,,偏振镜,http://world.taobao.com/item/524821870855.htm#detail,耐司 58mm 偏振镜,,https://s.taobao.com/search?q=&js=1&style=list&stats_click=search_radio_all%3A1&ie=utf8,,,,,,,,,,,,,,,,
,,,PZ12,,,偏振镜,http://world.tmall.com/item/44775927447.htm#detail,沃尔夫冈CPL偏正镜,,https://s.taobao.com/search?q=&js=1&style=list&stats_click=search_radio_all%3A1&ie=utf8,,,,,,,,,,,,,,,,
,,,PZ13,,,偏振镜,http://world.tmall.com/item/45004671341.htm#detail?sku_properties=5919063:3266795,品牌58mmCPL,,https://s.taobao.com/search?q=58mm CPL&js=1&style=list&stats_click=search_radio_all%3A1&ie=utf8,58mm CPL,,,,,,,,,,,,,0,,
0,,,QC01,QC01,QC01,气吹,https://detail.tmall.com/item.htm?spm=a230r.1.14.15.57ZLrH&id=44848285990&cm_id=140105335569ed55e27b&abbucket=5&skuId=82840486714,德国爱丽气吹,,https://s.taobao.com/search?q=爱丽气吹&js=1&style=list&stats_click=search_radio_all%3A1&ie=utf8,爱丽气吹,,,,,,,,,,,,,0,Shuying Wu,
1,,,QC02,QC02,QC02,气吹,https://item.taobao.com/item.htm?spm=a230r.1.14.47.D7usJI&id=45211183332&ns=1&abbucket=3,气吹,,https://s.taobao.com/search?q=气吹&js=1&style=list&stats_click=search_radio_all%3A1&ie=utf8,气吹,,,,,NA,,,,,,,,0,Frank Mei,
0,,,QC04,QC02,,气吹,http://world.taobao.com/item/43859660891.htm#detail,大号气吹,,https://s.taobao.com/search?q=大号气吹&js=1&style=list&stats_click=search_radio_all%3A1&ie=utf8,大号气吹,,,,,NA,,,,,,,,0,Yimin,
1,,,QT01,QT01,QT01,清洁,https://detail.tmall.com/item.htm?spm=a230r.1.14.15.57ZLrH&id=44848285990&cm_id=140105335569ed55e27b&abbucket=5&skuId=82840486722,清洁套装,,https://s.taobao.com/search?q=相机 清洁套装&js=1&style=list&stats_click=search_radio_all%3A1&ie=utf8,相机 清洁套装,,,,,,,,,,,,,0,Shuying Wu,
1,,,QT02,QT02,QT02,清洁,http://world.tmall.com/item/45837345735.htm#detail?sku_properties=5919063:6536025,清洁膜布,,https://s.taobao.com/search?q=清洁魔布&js=1&style=list&stats_click=search_radio_all%3A1&ie=utf8,清洁魔布,,,,,,,,,,,,,0,,
1,,,QT03,QT01,QT01,清洁,https://detail.tmall.com/item.htm?spm=a230r.1.14.3.57ZLrH&id=45126747218&cm_id=140105335569ed55e27b&abbucket=5&sku_properties=5919063:6536031,蚂蚁高级摄影高档清洁养护套装,,https://s.taobao.com/search?q=相机 五件 清洁套装&js=1&style=list&stats_click=search_radio_all%3A1&ie=utf8,相机 五件 清洁套装,,,,,,,,,,,,,0,Amy,
1,,,QT04,QT14,,清洁,http://world.tmall.com/item/523785599849.htm#detail,清洁三件套,,https://s.taobao.com/search?q=相机 清洁三件套&js=1&style=list&stats_click=search_radio_all%3A1&ie=utf8,相机 清洁三件套,,,,,,,,,,,,,0,Yimin,
1,,,QT05,QT01,QT01,清洁,http://world.tmall.com/item/44843925113.htm#detail,数码客4合1清洁伴侣,,https://s.taobao.com/search?q=相机 四件 清洁套装&js=1&style=list&stats_click=search_radio_all%3A1&ie=utf8,相机 四件 清洁套装,,,,,数码客,,,,,,,,0,,
0,,,QT06,QT06,QT06,清洁,http://world.taobao.com/item/18999829018.htm#detail,清洁套装 锐玛CL-301,,https://s.taobao.com/search?q=清洁套装 锐玛CL-301&js=1&style=list&stats_click=search_radio_all%3A1&ie=utf8,清洁套装 锐玛CL-301,,,,,,,,,,,,,0,Juexiao,
0,,,QT07,QT07,QT07,清洁,http://world.taobao.com/item/43859660891.htm#detail,高级数码擦,,https://s.taobao.com/search?q=数码擦&js=1&style=list&stats_click=search_radio_all%3A1&ie=utf8,数码擦,,,,,NA,,,,,,,,0,Yimin,
0,,,QT10,QT10,QT10,清洁,http://world.taobao.com/item/20373091017.htm#detail,优永佳三合一高级清洁套装（镜头笔、清洁布、强力气吹）,,https://s.taobao.com/search?q=相机 三合一 清洁套装&js=1&style=list&stats_click=search_radio_all%3A1&ie=utf8,相机 三合一 清洁套装,,,,,优永佳,,,,,,,,0,Yukun_He,
0,,,QT13,QT13,QT13,清洁,http://world.taobao.com/item/23896264169.htm#detail,亮洁清洁套装,,https://s.taobao.com/search?q=亮洁 清洁套装&js=1&style=list&stats_click=search_radio_all%3A1&ie=utf8,亮洁 清洁套装,,,,,亮洁,,,,,,,,0,Yukun_He,
0,,,QT14,QT14,QT14,清洁,http://world.taobao.com/item/44069100271.htm#detail,3合1清洁套装,,https://s.taobao.com/search?q=相机 三合一 清洁套装&js=1&style=list&stats_click=search_radio_all%3A1&ie=utf8,相机 三合一 清洁套装,,,,,,,,,,,,,0,Yukun_He,
1,,,QT15,QT15,QT15,清洁,http://world.tmall.com/item/18352298789.htm#detail?sku_properties=5919063:6536025,威高D-15308清洁套装,,https://s.taobao.com/search?q=威高 D-15308&js=1&style=list&stats_click=search_radio_all%3A1&ie=utf8,威高 D-15308,,,,,威高,,,,,,,,0,,
0,,,QT16,QT17,,清洁,http://world.tmall.com/item/35454140792.htm#detail,毛刷,,https://s.taobao.com/search?q=相机 毛刷&js=1&style=list&stats_click=search_radio_all%3A1&ie=utf8,相机 毛刷,,,,,,,,,,,,,0,,
0,,,QT17,QT17,QT17,清洁,http://world.taobao.com/item/19999809846.htm#detail,镜头刷,,https://s.taobao.com/search?q=镜头刷&js=1&style=list&stats_click=search_radio_all%3A1&ie=utf8,镜头刷,,,,,,,,,,,,,0,Frank_Mei,
0,,,QT18,QT18,QT18,清洁,https://detail.tmall.com/item.htm?spm=a1z10.5-b.w4011-3275700854.69.pjRsYS&id=44819603679&rn=599bb6e6c44366af0abb21bdf3812c54&abbucket=15&sku_properties=5919063:6536025,气吹镜头笔套装,,https://s.taobao.com/search?q=气吹镜头笔套装&js=1&style=list&stats_click=search_radio_all%3A1&ie=utf8,气吹镜头笔套装,,,,,,,,,,,,,0,,
1,,,QT19,QT19,QT19,清洁,http://world.taobao.com/item/40452911197.htm#detail,清洁液,,https://s.taobao.com/search?q=相机清洁液&js=1&style=list&stats_click=search_radio_all%3A1&ie=utf8,相机清洁液,,,,,,,,,,,,,0,,
1,,,RG01,RG01,RG01,柔光罩,https://item.taobao.com/item.htm?spm=a230r.1.14.27.57ZLrH&id=522137161830&ns=1&abbucket=5,三色柔光罩,,https://s.taobao.com/search?q=三色柔光罩&js=1&style=list&stats_click=search_radio_all%3A1&ie=utf8,三色柔光罩,,,,,,,,,,,,,0,Sudan Ouyang,
1,,,RG02,,,柔光罩,https://item.taobao.com/item.htm?spm=a230r.1.14.47.D7usJI&id=45211183332&ns=1&abbucket=3,柔光罩,,https://s.taobao.com/search?q=柔光罩&js=1&style=list&stats_click=search_radio_all%3A1&ie=utf8,柔光罩,,,,,NA,,,,,,,,0,Frank Mei,
1,,,RG03,RG03,RG03,柔光罩,http://world.taobao.com/item/521513506795.htm#detail,闪光灯柔光罩,,https://s.taobao.com/search?q=闪光灯柔光罩&js=1&style=list&stats_click=search_radio_all%3A1&ie=utf8,闪光灯柔光罩,,,,,NA,,,,,,,,0,Yimin,
0,,,RG04,RG01,,柔光罩,http://world.tmall.com/item/20728727154.htm#detail?sku_properties=5919063:6536025,闪光灯三色柔光罩,,https://s.taobao.com/search?q=闪光灯三色柔光罩&js=1&style=list&stats_click=search_radio_all%3A1&ie=utf8,闪光灯三色柔光罩,,,,,,,,,,,,,0,Yukun_He,
0,,,RG05,RG01,,柔光罩,http://world.taobao.com/item/44895648806.htm#detail,彩色柔光罩,,https://s.taobao.com/search?q=彩色柔光罩&js=1&style=list&stats_click=search_radio_all%3A1&ie=utf8,彩色柔光罩,,,,,,,,,,,,,0,,
1,,,SJ01,SJ01,SJ01,三脚架,https://detail.tmall.com/item.htm?spm=a230r.1.14.15.57ZLrH&id=44848285990&cm_id=140105335569ed55e27b&abbucket=5&skuId=82840486724,三脚架,,https://s.taobao.com/search?q=三脚架&js=1&style=list&stats_click=search_radio_all%3A1&ie=utf8,三脚架,,,,,,,,,,,,,0,Shuying Wu,
1,,,SJ02,SJ02,SJ02,三脚架,http://world.taobao.com/item/43859660891.htm#detail,大号章鱼三脚架,,https://s.taobao.com/search?q=大号章鱼三脚架&js=1&style=list&stats_click=search_radio_all%3A1&ie=utf8,大号章鱼三脚架,,大号章鱼,,,NA,,,,,,,,0,Yimin,
1,,,SJ03,SJ03,SJ03,三脚架,https://item.taobao.com/item.htm?spm=a230r.1.14.47.D7usJI&id=45211183332&ns=1&abbucket=3,云腾三脚架,,https://s.taobao.com/search?q=云腾三脚架&js=1&style=list&stats_click=search_radio_all%3A1&ie=utf8,云腾三脚架,,,,,云腾,,,,,,,,0,Frank Mei,
1,,,SJ04,SJ04,SJ04,三脚架,https://item.taobao.com/item.htm?spm=a230r.1.14.47.D7usJI&id=45211183332&ns=1&abbucket=3,1.5米三脚架,,https://s.taobao.com/search?q=1.5米三脚架&js=1&style=list&stats_click=search_radio_all%3A1&ie=utf8,1.5米三脚架,,,1.5m,,NA,,,,,,,,0,Frank Mei,
1,,,SJ06,SJ06,SJ06,三脚架,https://detail.tmall.com/item.htm?spm=a230r.1.14.3.57ZLrH&id=45126747218&cm_id=140105335569ed55e27b&abbucket=5&sku_properties=5919063:6536025,云腾专业大三角架,,https://s.taobao.com/search?q=云腾 大三角架&js=1&style=list&stats_click=search_radio_all%3A1&ie=utf8,云腾 大三角架,,,,,云腾,,,,,,,,0,Amy,
1,,,SJ07,SJ07,SJ07,三脚架,http://world.taobao.com/item/40148868087.htm#detail,1.2米三角架,,https://s.taobao.com/search?q=1.2米三脚架&js=1&style=list&stats_click=search_radio_all%3A1&ie=utf8,1.2米三脚架,,,1.2m,,,,,,,,,,0,Yukun_He,
1,,,SJ08,SJ08,SJ08,三脚架,http://world.tmall.com/item/523785599849.htm#detail,云腾680三脚架,,https://s.taobao.com/search?q=云腾680三脚架&js=1&style=list&stats_click=search_radio_all%3A1&ie=utf8,云腾680三脚架,,云腾680,,,云腾,,,,,,,,0,,
1,,,SJ09,SJ09,SJ09,三脚架,http://world.tmall.com/item/45097325617.htm#detail?sku_properties=5919063:6536025,百诺三脚架,,https://s.taobao.com/search?q=百诺三脚架&js=1&style=list&stats_click=search_radio_all%3A1&ie=utf8,百诺三脚架,,,,,,,,,,,,,0,,
1,,,SJ10,SJ10,SJ10,三脚架,http://world.tmall.com/item/45004671341.htm#detail?sku_properties=5919063:3266796,云腾690三脚架,,https://s.taobao.com/search?q=云腾690三脚架&js=1&style=list&stats_click=search_radio_all%3A1&ie=utf8,云腾690三脚架,,云腾690,,,云腾,,,,,,,,0,Yimin,
1,,,SJ11,SJ11,SJ11,三脚架,https://detail.tmall.com/item.htm?spm=a1z10.1-b.w9226568-9716460539.27.RzH6RS&id=44843925113&skuId=83007665794,CX-560三脚架,,https://s.taobao.com/search?q=CX-560三脚架&js=1&style=list&stats_click=search_radio_all%3A1&ie=utf8,CX-560三脚架,,CX-560,,,,,,,,,,,0,,
1,,,SJ15,SJ15,SJ15,三脚架,http://world.tmall.com/item/20728727154.htm#detail?sku_properties=5919063:6536025,云腾三维云台三脚架,,https://s.taobao.com/search?q=云腾三维云台三脚架&js=1&style=list&stats_click=search_radio_all%3A1&ie=utf8,云腾三维云台三脚架,,云腾三维云台,,,云腾,,,,,,,,0,Yukun_He,
1,,,SJ16,SJ16,SJ16,三脚架,http://world.taobao.com/item/24596036343.htm#detail,伟峰6662A镁铝合金脚架套装（含专业三维球形云台）,,https://s.taobao.com/search?q=伟峰6662A&js=1&style=list&stats_click=search_radio_all%3A1&ie=utf8,伟峰6662A,,伟锋6662A,,,伟峰,,,,,,,,0,Frank_Mei,
1,,,SJ17,SJ17,SJ17,三脚架,http://world.taobao.com/item/24596036343.htm#detail,伟峰WT-6663A镁铝合金脚架套装（含专业三维球形云台）,,https://s.taobao.com/search?q=伟峰WT-6663A 三脚架&js=1&style=list&stats_click=search_radio_all%3A1&ie=utf8,伟峰WT-6663A 三脚架,,伟峰WT-6663A,,,伟峰,,,,,,,,0,Frank_Mei,
0,,,SJ18,SJ18,SJ18,三脚架,http://world.taobao.com/item/45219159638.htm#detail,小三脚架,,https://s.taobao.com/search?q=小三脚架&js=1&style=list&stats_click=search_radio_all%3A1&ie=utf8,小三脚架,,,,,NA,,,,,,,,0,Frank_Mei,
1,,,SJ21,SJ21,SJ21,三脚架,http://world.tmall.com/item/45007891695.htm#detail?sku_properties=5919063:3284566,金钟cx－888三脚架,,https://s.taobao.com/search?q=金钟cx－888三脚架&js=1&style=list&stats_click=search_radio_all%3A1&ie=utf8,金钟cx－888三脚架,,金钟cx－888,,,金钟,,,,,,,,0,Yimin,
1,,,SJ22,SJ22,SJ22,三脚架,http://world.tmall.com/item/45004671341.htm#detail?sku_properties=5919063:3266796,百诺T－800三脚架,,https://s.taobao.com/search?q=百诺T－800三脚架&js=1&style=list&stats_click=search_radio_all%3A1&ie=utf8,百诺T－800三脚架,,百诺T－800,,,百诺,,,,,,,,0,Yimin,
0,,,SJ23,SJ23,SJ23,三脚架,http://world.taobao.com/item/521513506795.htm#detail,中号章鱼三脚架,,https://s.taobao.com/search?q=中号章鱼三脚架&js=1&style=list&stats_click=search_radio_all%3A1&ie=utf8,中号章鱼三脚架,,,,,NA,,,,,,,,0,Yimin,
1,,,SJ25,SJ25,SJ25,三脚架,http://world.tmall.com/item/18053093587.htm#detail?sku_properties=5919063:3266816,伟锋三脚架,,https://s.taobao.com/search?q=伟峰三脚架&js=1&style=list&stats_click=search_radio_all%3A1&ie=utf8,伟峰三脚架,,,,,伟锋,,,,,,,,0,Yimin,
1,,,SJ28,SJ28,SJ28,三脚架,http://world.taobao.com/item/40148868087.htm#detail,八爪鱼三角架,,https://s.taobao.com/search?q=八爪鱼三脚架&js=1&style=list&stats_click=search_radio_all%3A1&ie=utf8,八爪鱼三脚架,,,,,八爪鱼,,,,,,,,0,Yukun_He,
1,,,SJ29,SJ29,SJ29,三脚架,http://world.taobao.com/item/23896264169.htm#detail,伟峰330A大三脚架,,https://s.taobao.com/search?q=伟峰 330a 三脚架&js=1&style=list&stats_click=search_radio_all%3A1&ie=utf8,伟峰 330a 三脚架,,伟峰 330a ,,,伟锋,,,,,,,,0,Yukun_He,
0,,,SJ32,SJ01,SJ01,三脚架,http://world.tmall.com/item/44231886556.htm#detail?sku_properties=5919063:6536025,大三角架,,https://s.taobao.com/search?q=大三脚架&js=1&style=list&stats_click=search_radio_all%3A1&ie=utf8,大三脚架,,,,,NA,,,,,,,,0,Yimin,
1,,,SJ33,SJ33,SJ33,三脚架,http://world.taobao.com/item/18999829018.htm#detail,云腾VCT-690RM三脚架,,https://s.taobao.com/search?q=云腾VCT-690RM三脚架&js=1&style=list&stats_click=search_radio_all%3A1&ie=utf8,云腾VCT-690RM三脚架,,云腾VCT-690RM,,,,,,,,,,,0,,
0,,,SJ34,SJ34,SJ34,三脚架,http://world.taobao.com/item/38871554135.htm#detail,云腾668三脚架,,https://s.taobao.com/search?q=云腾668三脚架&js=1&style=list&stats_click=search_radio_all%3A1&ie=utf8,云腾668三脚架,,,,,,,,,,,,,0,,
0,,,SJ35,SJ35,SJ35,三脚架,http://world.tmall.com/item/520405140147.htm#detail,轻装时代Q999S三角支架,,https://s.taobao.com/search?q=&js=1&style=list&stats_click=search_radio_all%3A1&ie=utf8,,,,,,,,,,,,,,,,
,,,SJ36,,,三脚架,,TR533三脚架,,https://s.taobao.com/search?q=&js=1&style=list&stats_click=search_radio_all%3A1&ie=utf8,,,,,,,,,,,,,,0,,
1,,,SP01,SP01,SP01,水平仪,https://detail.tmall.com/item.htm?spm=a230r.1.14.15.57ZLrH&id=44848285990&cm_id=140105335569ed55e27b&abbucket=5&skuId=82840486718,水平仪,,https://s.taobao.com/search?q=相机 水平仪&js=1&style=list&stats_click=search_radio_all%3A1&ie=utf8,相机 水平仪,,,,,,,,,,,,,0,Shuying Wu,
1,,,SP02,SP02,SP02,水平仪,https://item.taobao.com/item.htm?spm=a230r.1.14.47.D7usJI&id=45211183332&ns=1&abbucket=3,热靴水平仪,,https://s.taobao.com/search?q=热靴水平仪&js=1&style=list&stats_click=search_radio_all%3A1&ie=utf8,热靴水平仪,,,,,,,,,,,,,0,Frank Mei,
0,,,SP03,SP03,SP03,水平仪,http://world.taobao.com/item/24596036343.htm#detail,专用热靴盖,,https://s.taobao.com/search?q=热靴盖&js=1&style=list&stats_click=search_radio_all%3A1&ie=utf8,热靴盖,,,,,,,,,,,,,0,Frank Mei,
0,,,TZ01,TZ01,TZ01,4S摄影大师套装,https://detail.tmall.com/item.htm?spm=a220o.1000855.0.da321h.j7h6ds&id=44878368096&skuId=99988956126,4S摄影大师套装,,https://s.taobao.com/search?q=4S摄影大师套装&js=1&style=list&stats_click=search_radio_all%3A1&ie=utf8,4S摄影大师套装,,,,,,,,,,,,,0,Shuying Wu,
,,,UP01,x,x,U盘,http://world.taobao.com/item/521001029222.htm#detail,U盘,,https://s.taobao.com/search?q=U盘&js=1&style=list&stats_click=search_radio_all%3A1&ie=utf8,U盘,,,,,,,,,,,,,0,sasha wang,
1,,,UV01,UV01,UV01,UV镜,https://item.taobao.com/item.htm?spm=a230r.1.14.27.57ZLrH&id=522137161830&ns=1&abbucket=5,UV镜,,https://s.taobao.com/search?q=UV镜&js=1&style=list&stats_click=search_radio_all%3A1&ie=utf8,UV镜,,NA,,,,,,,9.9,,,,0,Sudan Ouyang,
1,,Carol Guo,UV02,UV02,UV02,UV镜,https://item.taobao.com/item.htm?spm=a230r.1.14.47.D7usJI&id=45211183332&ns=1&abbucket=3,佳能UV镜,,https://s.taobao.com/search?q=佳能UV镜&js=1&style=list&stats_click=search_radio_all%3A1&ie=utf8,佳能UV镜,,NA,,,佳能,,,,12,,,,1,Frank Mei,
1,,Carol Guo,UV03,UV03,UV03,UV镜,https://item.taobao.com/item.htm?spm=a230r.1.14.47.D7usJI&id=45211183332&ns=1&abbucket=3,卡色UV镜,,https://s.taobao.com/search?q=卡色UV镜&js=1&style=list&stats_click=search_radio_all%3A1&ie=utf8,卡色UV镜,,NA,,,卡色,,,,105,,,,0,Frank Mei,
0,,,UV04,UV04,UV04,UV镜,http://world.taobao.com/item/27462844289.htm?spm=a312a.7700714.0.0.noAj4C#detail,佳能原装67mm UV镜,,https://s.taobao.com/search?q=佳能 67mm UV镜&js=1&style=list&stats_click=search_radio_all%3A1&ie=utf8,佳能 67mm UV镜,,,,,佳能,,,,,,,,0,Sharon Li,
0,,,UV07,UV01,,UV镜,https://item.taobao.com/item.htm?spm=a230r.1.14.45.JooTKV&id=42445756648&ns=1&abbucket=2,艾蒙UV镜,,https://s.taobao.com/search?q=艾蒙UV镜&js=1&style=list&stats_click=search_radio_all%3A1&ie=utf8,艾蒙UV镜,,,,,艾蒙,,,,,,,,1,Xuncheng,
0,,,UV09,UV01,,UV镜,http://world.tmall.com/item/523785599849.htm#detail,亚斯UV镜,,https://s.taobao.com/search?q=亚斯UV镜&js=1&style=list&stats_click=search_radio_all%3A1&ie=utf8,亚斯UV镜,,,,,,,,,,,,,1,,
1,,fix me,UV10,UV10,UV10,UV镜,http://world.tmall.com/item/45097325617.htm#detail?sku_properties=5919063:6536025,美高UV镜,,https://s.taobao.com/search?q=美高 meco UV镜&js=1&style=list&stats_click=search_radio_all%3A1&ie=utf8,美高 meco UV镜,1,NA,,,,,,,79,,,,1,,
0,,,UV11,UV01,,UV镜,http://world.tmall.com/item/45004671341.htm#detail?sku_properties=5919063:3266790,迪米特58MCUV,,https://s.taobao.com/search?q=迪米特58MCUV&js=1&style=list&stats_click=search_radio_all%3A1&ie=utf8,迪米特58MCUV,,,,,迪米特,,,,,,,,0,,
0,,,UV12,UV12,UV12,UV镜,http://world.taobao.com/item/521513506795.htm#detail,普通58mmUV镜,,https://s.taobao.com/search?q=58mm UV镜&js=1&style=list&stats_click=search_radio_all%3A1&ie=utf8,58mm UV镜,,,,,,,,,,,,,0,,
0,,,UV13,UV13,UV13,UV镜,http://world.taobao.com/item/44799639459.htm#detail,德国超薄UV,,https://s.taobao.com/search?q=德国超薄UV&js=1&style=list&stats_click=search_radio_all%3A1&ie=utf8,德国超薄UV,,,,,,,,,,,,,1,,
0,,,UV14,UV13,UV13,UV镜,http://world.taobao.com/item/44799639459.htm#detail,德国超薄防水镀膜UV,,https://s.taobao.com/search?q=德国超薄防水镀膜UV&js=1&style=list&stats_click=search_radio_all%3A1&ie=utf8,德国超薄防水镀膜UV,,,,,,,,,,,,,0,,
0,,,UV16,UV16,UV16,UV镜,https://detail.tmall.com/item.htm?spm=a1z10.1-b.w9226568-9716460539.27.RzH6RS&id=44843925113&skuId=83007665794,海鸥原装正品层镀膜58mmuv滤镜,,https://s.taobao.com/search?q=海鸥 58mm uv&js=1&style=list&stats_click=search_radio_all%3A1&ie=utf8,海鸥 58mm uv,,,,,海鸥,,,,,,,,0,,
1,,fixme_ZoeyYang,UV19,UV19,UV19,UV镜,http://world.taobao.com/item/40565901878.htm#detail,耐司UV,,https://s.taobao.com/search?q=耐司UV&js=1&style=list&stats_click=search_radio_all%3A1&ie=utf8,耐司UV,,NA,,,耐司,,,,35,,,,0,Frank_Mei,
1,,Zoey Yang,UV20,UV20,UV20,UV镜,http://world.taobao.com/item/38708270318.htm#detail,绿叶双层UV镜,,https://s.taobao.com/search?q=绿叶双层UV镜&js=1&style=list&stats_click=search_radio_all%3A1&ie=utf8,绿叶双层UV镜,,双层,,,NA,,,,5.8,,,,0,Yimin,
1,,Zoey Yang,UV21,UV21,UV21,UV镜,http://world.taobao.com/item/35540978058.htm#detail,福莱特MCUV,,https://s.taobao.com/search?q=福莱特MCUV&js=1&style=list&stats_click=search_radio_all%3A1&ie=utf8,福莱特MCUV,,多层,,,莱福特,,,,60,,,,0,Yimin,
1,,Zoey Yang,UV22,UV22,UV22,UV镜,http://world.taobao.com/item/35540978058.htm#detail,卡色MCUV,,https://s.taobao.com/search?q=卡色MCUV&js=1&style=list&stats_click=search_radio_all%3A1&ie=utf8,卡色MCUV,,多层,,,卡色,,,,150,,,,0,Yimin,
0,,,UV23,UV20,,UV镜,http://world.taobao.com/item/41802068265.htm#detail,绿叶UV镜,,https://s.taobao.com/search?q=绿叶UV镜&js=1&style=list&stats_click=search_radio_all%3A1&ie=utf8,绿叶UV镜,,,,,绿叶,,,,,,,,0,Sa Wang,
1,,Carol Guo,UV24,UV24,UV24,UV镜,http://world.tmall.com/item/45007891695.htm#detail?sku_properties=5919063:3284566,kase卡色 ii代单层uv镜,,https://s.taobao.com/search?q=卡色 单层 uv镜&js=1&style=list&stats_click=search_radio_all%3A1&ie=utf8,卡色 单层 uv镜,,NA,,,KASE,,,,65,,,,0,Yimin,
0,,,UV25,,,UV镜,http://world.tmall.com/item/45007891695.htm#detail?sku_properties=5919063:3284566,正品丽达lida单层uv镜,,https://s.taobao.com/search?q=正品丽达lida单层uv镜&js=1&style=list&stats_click=search_radio_all%3A1&ie=utf8,正品丽达lida单层uv镜,,,,,丽达,,,,,,,,1,Yimin,
1,,fixme_Liangyuan Na,UV26,UV26,UV26,UV镜,http://world.tmall.com/item/45007891695.htm#detail?sku_properties=5919063:3284566,正品NISI耐斯单层UV镜,,https://s.taobao.com/search?q=耐司UV&js=1&style=list&stats_click=search_radio_all%3A1&ie=utf8,耐司UV,,NA,,,NISI,,,,28,,,,0,Yimin,
1,,Liangyuan Na,UV27,UV27,UV27,UV镜,http://world.tmall.com/item/45007891695.htm#detail?sku_properties=5919063:3284566,正品NISI耐斯多层UV镜,,https://s.taobao.com/search?q=NISI 耐斯 多层 UV镜&js=1&style=list&stats_click=search_radio_all%3A1&ie=utf8,NISI 耐斯 多层 UV镜,,多层,,,NISI,,,,50,,,,0,Yimin,
1,,Liangyuan Na,UV28,UV28,UV28,UV镜,http://world.tmall.com/item/45007891695.htm#detail?sku_properties=5919063:3284566,kase卡色 ii代多层uv镜,,https://s.taobao.com/search?q=kase卡色 多层uv镜&js=1&style=list&stats_click=search_radio_all%3A1&ie=utf8,kase卡色 多层uv镜,,多层,,,kase,,,,150,,,,0,Yimin,
1,,Liangyuan Na,UV29,UV29,UV29,UV镜,http://world.taobao.com/item/522863996797.htm#detail,kenko原装67mm,,https://s.taobao.com/search?q=kenko 67mm&js=1&style=list&stats_click=search_radio_all%3A1&ie=utf8,kenko 67mm,,NA,,,kenko,,,,15,,,,0,,
1,,Xuyu Zhang,UV30,UV30,UV30,UV镜,http://world.tmall.com/item/23931676362.htm?spm=a312a.7700714.0.0.VDbzGU&sku_properties=5919063:3266779,变色龙TWS高清MCUV滤镜,,https://s.taobao.com/search?q=变色龙 TWS MCUV滤镜&js=1&style=list&stats_click=search_radio_all%3A1&ie=utf8,变色龙 TWS MCUV滤镜,,多层,,,,,,,260,,,,1,,
1,,Xuyu Zhang,UV31,UV31,UV31,UV镜,http://world.taobao.com/item/36574928690.htm#detail,日本原装kenike单面多层uv镜,,https://s.taobao.com/search?q=kenike uv镜&js=1&style=list&stats_click=search_radio_all%3A1&ie=utf8,kenike uv镜,,多层,,,kenike,,,,35,,,,1,,
0,,,UV32,UV32,UV32,UV镜,http://world.tmall.com/item/18049170006.htm#detail?sku_properties=5919063:6536025,62mm UV镜,,https://s.taobao.com/search?q=62mm UV镜&js=1&style=list&stats_click=search_radio_all%3A1&ie=utf8,62mm UV镜,,,,,NA,,,,,,,,0,Carol Guo,
1,,Xuyu Zhang,UV33,UV33,UV33,UV镜,http://world.taobao.com/item/36574928690.htm#detail,日本原装kenikeSMC超级镀膜uv镜,,https://s.taobao.com/search?q=kenike SMC uv镜&js=1&style=list&stats_click=search_radio_all%3A1&ie=utf8,kenike SMC uv镜,1,多层,,,Kenike,,,,,,,,0,Xinyi,
1,,Xuyu Zhang,UV34,UV34,UV34,UV 镜,http://world.taobao.com/item/44881048637.htm#detail,肯高UV镜,,https://s.taobao.com/search?q=肯高UV镜&js=1&style=list&stats_click=search_radio_all%3A1&ie=utf8,肯高UV镜,,NA,,,肯高,,,,5,,,,0,Suyang Lu,
0,,,UV35,,,UV镜,http://world.tmall.com/item/37745552927.htm#detail?sku_properties=5919063:3266779,亚思高透光58mm UV镜,,https://s.taobao.com/search?q=亚思 58mm UV镜&js=1&style=list&stats_click=search_radio_all%3A1&ie=utf8,亚思 58mm UV镜,,,,,亚思,,,,,,,,1,Yukun_He,
1,,Grace Wang,UV36,UV36,UV36,UV镜,http://world.taobao.com/item/523254918792.htm#detail,肯高58mmUV镜,,https://s.taobao.com/search?q=肯高58mmUV镜&js=1&style=list&stats_click=search_radio_all%3A1&ie=utf8,肯高58mmUV镜,1,NA,,,肯高,,,,,,,,0,,
0,,,UV38,UV38,UV38,UV镜,http://world.taobao.com/item/18820622609.htm#detail,日本肯高双层58MM UV镜,,https://s.taobao.com/search?q=肯高双层58MM UV镜&js=1&style=list&stats_click=search_radio_all%3A1&ie=utf8,肯高双层58MM UV镜,,,,,肯高,,,,,,,,0,Yukun_He,
1,,Grace Wang,UV39,UV39,UV39,UV镜,http://world.taobao.com/item/18820622609.htm#detail,日本数码大师超薄多层58MM UV镜,,https://s.taobao.com/search?q=%E6%95%B0%E7%A0%81%E5%A4%A7%E5%B8%88+58+mcuv%E9%95%9C&imgfile=&js=1&style=list&stats_click=search_radio_all%3A1&initiative_id=staobaoz_20160308&ie=utf8,数码大师 58 mcuv镜,,nA,,,数码大师,,,,110,,,,0,Yukun_He,
1,,fixme_Grace Wang,UV41,UV41,UV41,UV镜,http://world.taobao.com/item/23896264169.htm#detail,新境界超薄UV镜,,https://s.taobao.com/search?q=新境界超薄UV镜&js=1&style=list&stats_click=search_radio_all%3A1&ie=utf8,新境界超薄UV镜,1,NA,,,新境界,,,,44,,,,1,Yukun_He,
1,,fixme_Grace Wang,UV43,UV43,UV43,UV镜,http://world.taobao.com/item/23896264169.htm#detail,佳能原装超薄多层镀膜UV镜,,https://s.taobao.com/search?q=佳能 超薄 多层 镀膜UV镜&js=1&style=list&stats_click=search_radio_all%3A1&ie=utf8,佳能 超薄 多层 镀膜UV镜,,多层,,,佳能,,,,16,,,,0,Yukun_He,
0,,,UV44,UV44,UV44,UV镜,http://world.taobao.com/item/23969324559.htm#detail,锐玛超薄MC多层防水UV镜,,https://s.taobao.com/search?q=锐玛超薄MC多层防水UV镜&js=1&style=list&stats_click=search_radio_all%3A1&ie=utf8,锐玛超薄MC多层防水UV镜,,,,,锐玛,,,,,,,,0,Suyang Lu,
0,,,UV45,UV45,UV45,UV镜,http://world.taobao.com/item/43426870825.htm#detail,尼克斯超薄多层MRCUV,,https://s.taobao.com/search?q=尼克斯 超薄 MRCUV&js=1&style=list&stats_click=search_radio_all%3A1&ie=utf8,尼克斯 超薄 MRCUV,,,,,尼克斯,,,,,,,,1,Suyang Lu,
1,,frank,UV46,UV46,UV46,UV镜,http://world.taobao.com/item/27462844289.htm#detail,佳能原装58mm UV镜,,https://s.taobao.com/search?q=佳能 58mm UV镜&js=1&style=list&stats_click=search_radio_all%3A1&ie=utf8,佳能 58mm UV镜,,NA,,,佳能,,,,13,,,,0,Yimin,
1,,yimin,UV47,UV47,UV47,UV镜,http://world.tmall.com/item/44843925113.htm#detail,nikksi原装正品层镀膜58mm uv滤镜,,https://s.taobao.com/search?q=nikksi 58mm uv&js=1&style=list&stats_click=search_radio_all%3A1&ie=utf8,nikksi 58mm uv,,NA,,,,,,,300,,,,1,,
0,,,UV48,UV48,UV48,UV镜,http://world.tmall.com/item/18053093587.htm#detail?sku_properties=5919063:3266779,变色龙HD高清UV滤镜,,https://s.taobao.com/search?q=变色龙 HD高清 UV滤镜&js=1&style=list&stats_click=search_radio_all%3A1&ie=utf8,变色龙 HD高清 UV滤镜,,,,,,,,,,,,,1,,
1,,frank,UV51,UV51,UV51,UV镜,http://world.tmall.com/item/20728727154.htm#detail?sku_properties=5919063:6536025,格莱菲超薄多层镀膜保护镜,,https://s.taobao.com/search?q=格莱菲 多层 uv&js=1&style=list&stats_click=search_radio_all%3A1&ie=utf8,格莱菲 多层 uv,,多层,,,,,,,120,,,,1,,
1,,fixme_Carol,UV52,UV52,UV52,UV镜,http://world.tmall.com/item/20728727154.htm#detail?sku_properties=5919063:6536025,卡色超薄多膜UV镜,,https://s.taobao.com/search?q=卡色超薄多膜UV镜&js=1&style=list&stats_click=search_radio_all%3A1&ie=utf8,卡色超薄多膜UV镜,,多层,,,,,,,150,,,,0,,
0,,,UV53,UV53,UV53,UV镜,https://detail.tmall.com/item.htm?spm=a1z10.5-b.w4011-11731726517.91.6phQ9D&id=44862924994&rn=a68d17c1869d30ad6ce6a9c102d72f39&abbucket=15&sku_properties=5919063:6536025,沃尔夫冈UV镜,,https://s.taobao.com/search?q=沃尔夫冈UV镜&js=1&style=list&stats_click=search_radio_all%3A1&ie=utf8,沃尔夫冈UV镜,,,,,,,,,,,,,0,,
1,,fixme_yimin,UV54,UV54,UV54,UV镜,https://item.taobao.com/item.htm?spm=a230r.1.14.53.57ZLrH&id=522606643900&ns=1&abbucket=158,卡色58mmUV镜,,https://s.taobao.com/search?q=卡色 58mm UV镜 -mc -多&js=1&style=list&stats_click=search_radio_all%3A1&ie=utf8,卡色 58mm UV镜 -mc -多,1,nA,,,,,,,135,,,,0,,
0,,,UV55,UV55,UV55,UV镜,https://detail.tmall.com/item.htm?spm=a1z10.5-b.w4011-11731726517.91.6phQ9D&id=44862924994&rn=a68d17c1869d30ad6ce6a9c102d72f39&abbucket=15&sku_properties=5919063:6536025,德国Kase超薄67mmUV,,https://s.taobao.com/search?q=Kase 超薄 67mm UV&js=1&style=list&stats_click=search_radio_all%3A1&ie=utf8,Kase 超薄 67mm UV,,,,,,,,,,,,,0,,
0,,,UV56,UV56,UV56,UV镜,https://item.taobao.com/item.htm?spm=a230r.1.14.53.57ZLrH&id=522606643900&ns=1&abbucket=5,腾龙62mmUV镜,,https://s.taobao.com/search?q=腾龙62mmUV镜&js=1&style=list&stats_click=search_radio_all%3A1&ie=utf8,腾龙62mmUV镜,,,,,,,,,,,,,0,,
1,,Carol Guo,UV57,UV57,UV57,UV镜,http://world.tmall.com/item/36982442137.htm#detail?sku_properties=5919063:6536051,麦田者METTAR超薄多层镀膜金圈mcuv镜,,https://s.taobao.com/search?q=麦田者 METTAR uv&js=1&style=list&stats_click=search_radio_all%3A1&ie=utf8,麦田者 METTAR uv,,NA,,,,,,,200,,,,1,,
1,,Carol Guo,UV58,UV58,UV58,UV镜,http://world.taobao.com/item/522086451970.htm#detail,尼克斯UV镜,,https://s.taobao.com/search?q=尼克斯UV镜&js=1&style=list&stats_click=search_radio_all%3A1&ie=utf8,尼克斯UV镜,,NA,,,,,,,100,,,,1,,
0,,,UV59,UV59,UV59,UV镜,http://world.taobao.com/item/20373091017.htm#detail,耐司原装58#UV镜（大陆行货，带防伪）,,https://s.taobao.com/search?q=耐司 58mm UV镜&js=1&style=list&stats_click=search_radio_all%3A1&ie=utf8,耐司 58mm UV镜,,,,,,,,,,,,,0,,
0,,,UV60,UV60,UV60,UV镜,http://world.taobao.com/item/522700943445.htm#detail,双层UV镜,,https://s.taobao.com/search?q=双层UV镜&js=1&style=list&stats_click=search_radio_all%3A1&ie=utf8,双层UV镜,,,,,,,,,,,,,0,,
0,,,UV61,UV61,UV61,UV镜,http://world.tmall.com/item/36982442137.htm#detail?sku_properties=5919063:6536046,变色龙58mmHDUV高清单层滤镜,,https://s.taobao.com/search?q=变色龙 58mm UV&js=1&style=list&stats_click=search_radio_all%3A1&ie=utf8,变色龙 58mm UV,,,,,,,,,,,,,1,,
1,,yimin,UV62,UV62,UV62,UV镜,http://world.tmall.com/item/36982442137.htm#detail?sku_properties=5919063:6536046,变色龙58mmMCUV高清多层滤镜,,https://s.taobao.com/search?q=变色龙 58mm MCUV&js=1&style=list&stats_click=search_radio_all%3A1&ie=utf8,变色龙 58mm MCUV,,多层,,,,,,,99,,,,1,,
1,,yimin,UV63,UV63,UV63,UV镜,http://world.tmall.com/item/36982442137.htm#detail?sku_properties=5919063:6536046,变色龙67mmMCUV高清多层滤镜,,https://s.taobao.com/search?q=变色龙 67mm MCUV&js=1&style=list&stats_click=search_radio_all%3A1&ie=utf8,变色龙 67mm MCUV,,多层,,,,,,,86,,,,1,,
0,,,UV64,UV54,,UV镜,http://world.taobao.com/item/24291960195.htm#detail,德国kase卡色58mm超薄多层MC UV镜专业保护镜头,,https://s.taobao.com/search?q=kase卡色 58mm 多层 MCUV镜&js=1&style=list&stats_click=search_radio_all%3A1&ie=utf8,kase卡色 58mm 多层 MCUV镜,,,,,,,,,,,,,0,,
1,,fixme,UV65,UV65,UV65,保护镜,http://world.tmall.com/item/20728727154.htm#detail?sku_properties=5919063:6536025,格莱菲超薄镜头保护镜,,https://s.taobao.com/search?q=格莱菲 UV镜&js=1&style=list&stats_click=search_radio_all%3A1&ie=utf8,格莱菲 UV镜,1,NA,,,格莱菲,,,,50,,,,1,Yukun_He,
0,,,UV66,UV66,UV66,UV镜,,美国摄丽宝多层镀膜MCUV镜头滤镜,,https://s.taobao.com/search?q=&js=1&style=list&stats_click=search_radio_all%3A1&ie=utf8,,,,,,,,,,,,,,1,,
0,,,UV67,UV67,UV67,UV镜,,德国朗泰通多层镀膜UV镜头滤镜,,https://s.taobao.com/search?q=&js=1&style=list&stats_click=search_radio_all%3A1&ie=utf8,,,,,,,,,,,,,,0,,
,,,UV68,,,UV镜,http://world.taobao.com/item/525366073561.htm#detail,拿索UV保护镜,,https://s.taobao.com/search?q=&js=1&style=list&stats_click=search_radio_all%3A1&ie=utf8,,,,,,,,,,,,,,,,
1,,,WD01,WD01,WD01,手腕带,http://world.taobao.com/item/42468840454.htm#detail,手腕带,,https://s.taobao.com/search?q=相机 手腕带&js=1&style=list&stats_click=search_radio_all%3A1&ie=utf8,相机 手腕带,,,,,NA,,,,,,,,0,Yimin,
1,,,WD04,WD04,WD04,手腕带,https://item.taobao.com/item.htm?spm=a230r.1.14.53.57ZLrH&id=522606643900&ns=1&abbucket=14,马田真皮手腕带,,https://s.taobao.com/search?q=马田真皮手腕带&js=1&style=list&stats_click=search_radio_all%3A1&ie=utf8,马田真皮手腕带,,,,,马田,,,,,,,,0,,
1,,,WD05,WD05,WD05,手腕带,http://world.taobao.com/item/23896264169.htm#detail,佳能手腕带,,https://s.taobao.com/search?q=佳能手腕带&js=1&style=list&stats_click=search_radio_all%3A1&ie=utf8,佳能手腕带,,,,,佳能,,,,,,,,0,Yukun_He,
1,,,WJ01,WJ01,WJ01,微距镜,https://item.taobao.com/item.htm?spm=a230r.1.14.27.57ZLrH&id=522137161830&ns=1&abbucket=5,微距镜,,https://s.taobao.com/search?q=微距镜&js=1&style=list&stats_click=search_radio_all%3A1&ie=utf8,微距镜,,,,,,,,,,,,,0,Sudan Ouyang,
0,,,XB02,XB02,XB02,摄影包,https://item.taobao.com/item.htm?spm=a230r.1.14.27.57ZLrH&id=522137161830&ns=1&abbucket=5,卡塔12DL相机包（单镜头专用）,,https://s.taobao.com/search?q=佳能 单镜头包&js=1&style=list&stats_click=search_radio_all%3A1&ie=utf8,佳能 单镜头包,,,,,卡塔,,,,,,,,1,Sudan Ouyang,
1,,,XB03,XB03,XB03,摄影包,https://item.taobao.com/item.htm?spm=a230r.1.14.27.57ZLrH&id=522137161830&ns=1&abbucket=5,卡塔DB452相机包（多镜头专用）,,https://s.taobao.com/search?q=佳能 多镜头包&js=1&style=list&stats_click=search_radio_all%3A1&ie=utf8,佳能 多镜头包,,,,,卡塔,,,,,,,,1,Sudan Ouyang,
0,,,XB04,XB04,XB04,摄影包,https://detail.tmall.com/item.htm?spm=a230r.1.14.15.57ZLrH&id=44848285990&cm_id=140105335569ed55e27b&abbucket=5&skuId=82840486713,EOS专业定制相机包,,https://s.taobao.com/search?q=EOS 相机包&js=1&style=list&stats_click=search_radio_all%3A1&ie=utf8,EOS 相机包,,,,,,,,,,,,,1,Shuying Wu,
1,,,XB05,XB05,XB05,摄影包,https://item.taobao.com/item.htm?spm=a230r.1.14.47.D7usJI&id=45211183332&ns=1&abbucket=3,佳能单反防雨单肩摄影包,,https://s.taobao.com/search?q=佳能单反防雨单肩摄影包&js=1&style=list&stats_click=search_radio_all%3A1&ie=utf8,佳能单反防雨单肩摄影包,,,,,佳能,,,,,,,,1,Frank Mei,
1,,,XB06,XB06,XB06,摄影包,https://item.taobao.com/item.htm?spm=a230r.1.14.47.D7usJI&id=45211183332&ns=1&abbucket=3,佳能经典单反摄影包,,https://s.taobao.com/search?q=佳能单反摄影包&js=1&style=list&stats_click=search_radio_all%3A1&ie=utf8,佳能单反摄影包,,,,,佳能,,,,,,,,1,Frank Mei,
1,,,XB07,XB07,XB07,摄影包,http://world.taobao.com/item/43859660891.htm#detail,单反专业相机包,,https://s.taobao.com/search?q=单反专业相机包&js=1&style=list&stats_click=search_radio_all%3A1&ie=utf8,单反专业相机包,,,,,NA,,,,,,,,0,Yimin,
1,,,XB08,XB08,XB08,摄影包,http://world.tmall.com/item/23931676362.htm?spm=a312a.7700714.0.0.VDbzGU&sku_properties=5919063:3266779,佳能EOS C50包（带防雨罩 1机1镜）,,https://s.taobao.com/search?q=EOS 相机包&js=1&style=list&stats_click=search_radio_all%3A1&ie=utf8,EOS 相机包,,,,,佳能,,,,,,,,0,Yimin,
1,,,XB09,XB09,XB09,摄影包,http://world.tmall.com/item/23931676362.htm?spm=a312a.7700714.0.0.VDbzGU&sku_properties=5919063:3266779,佳能EOS C55包（带防雨罩 1机2镜）,,https://s.taobao.com/search?q=EOS 相机包&js=1&style=list&stats_click=search_radio_all%3A1&ie=utf8,EOS 相机包,,,,,佳能,,,,,,,,0,,
0,,,XB10,XB09,,摄影包,http://world.tmall.com/item/23931676362.htm?spm=a312a.7700714.0.0.VDbzGU&sku_properties=5919063:3266779,佳能EOS 5D原装包（带防雨罩 1机3镜）,,https://s.taobao.com/search?q=佳能 5D3 单反相机包&js=1&style=list&stats_click=search_radio_all%3A1&ie=utf8,佳能 5D3 单反相机包,,,,,佳能,,,,,,,,0,,
1,,,XB13,,,摄影包,http://world.tmall.com/item/44843925113.htm#detail,d－4专业相机包,,https://s.taobao.com/search?q=d－4专业相机包&js=1&style=list&stats_click=search_radio_all%3A1&ie=utf8,d－4专业相机包,,,,,d－4,,,,,,,,0,,
0,,,XB14,,,摄影包,http://world.tmall.com/item/523785599849.htm#detail,212小包,,https://s.taobao.com/search?q=212小包&js=1&style=list&stats_click=search_radio_all%3A1&ie=utf8,212小包,,,,,颜色随机,,,,,,,,0,,
0,,,XB18,,,摄影包,http://world.taobao.com/item/24596036343.htm#detail,新款EOS700D专用摄影包,,https://s.taobao.com/search?q=EOS 700D 专用摄影包&js=1&style=list&stats_click=search_radio_all%3A1&ie=utf8,EOS 700D 专用摄影包,,,,,NA,,,,,,,,0,Frank_Mei,
1,,,XB19,XB19,XB19,摄影包,http://world.taobao.com/item/27462844289.htm?spm=a312a.7700714.0.0.noAj4C#detail,国家地理摄影包,,https://s.taobao.com/search?q=国家地理摄影包&js=1&style=list&stats_click=search_radio_all%3A1&ie=utf8,国家地理摄影包,,,,,NA,,,,,,,,0,Sharon Li,
0,,,XB21,XB21,XB21,摄影包,http://world.tmall.com/item/45004671341.htm#detail?sku_properties=5919063:3266789,单反专用单肩包,,https://s.taobao.com/search?q=单反专用单肩包&js=1&style=list&stats_click=search_radio_all%3A1&ie=utf8,单反专用单肩包,,,,,,,,,,,,,0,,
0,,,XB23,XB23,XB23,摄影包,https://item.taobao.com/item.htm?spm=a230r.1.14.53.57ZLrH&id=522606643900&ns=1&abbucket=21,佳能B86单反包,,https://s.taobao.com/search?q=EOS 相机包&js=1&style=list&stats_click=search_radio_all%3A1&ie=utf8,EOS 相机包,,,,,佳能,,,,,,,,0,,
0,,,XB25,XB25,XB25,摄影包,https://detail.tmall.com/item.htm?spm=a1z10.1-b.w9226568-9716460539.27.RzH6RS&id=44843925113&skuId=83007665794,萌萌怪EOS时尚单肩摄影包,,https://s.taobao.com/search?q=萌萌怪 EOS 单肩摄影包&js=1&style=list&stats_click=search_radio_all%3A1&ie=utf8,萌萌怪 EOS 单肩摄影包,,,,,,,,,,,,,0,,
1,,,XB26,XB26,XB26,摄影包,https://detail.tmall.com/item.htm?spm=a1z10.1-b.w9226568-9716460539.27.RzH6RS&id=44843925113&skuId=83007665794,佳能7D专业相机包,,https://s.taobao.com/search?q=佳能7D专业相机包&js=1&style=list&stats_click=search_radio_all%3A1&ie=utf8,佳能7D专业相机包,,,,,佳能,,,,,,,,0,,
0,,,XB27,XB26,,摄影包,https://detail.tmall.com/item.htm?spm=a1z10.1-b.w9226568-9716460539.27.RzH6RS&id=44843925113&skuId=83007665794,佳能6D/7D专业相机包,,https://s.taobao.com/search?q=佳能6D/7D专业相机包&js=1&style=list&stats_click=search_radio_all%3A1&ie=utf8,佳能6D/7D专业相机包,,,,,佳能,,,,,,,,0,,
0,,,XB34,XB34,XB34,摄影包,http://world.tmall.com/item/45004671341.htm#detail?sku_properties=5919063:3266794,阿尔菲斯防雨包,,https://s.taobao.com/search?q=阿尔飞斯防雨包&js=1&style=list&stats_click=search_radio_all%3A1&ie=utf8,阿尔飞斯防雨包,,,,,阿尔菲斯,,,,,,,,0,,
0,,,XB35,XB35,XB35,摄影包,https://item.taobao.com/item.htm?spm=a230r.1.14.53.57ZLrH&id=522606643900&ns=1&abbucket=6,佳能三角包,,https://s.taobao.com/search?q=佳能三角包&js=1&style=list&stats_click=search_radio_all%3A1&ie=utf8,佳能三角包,,,,,佳能,,,,,,,,0,Yimin,
1,,,XB36,XB36,XB36,摄影包,http://world.taobao.com/item/36613205733.htm#detail,佳能B62单反包,,https://s.taobao.com/search?q=EOS 相机包&js=1&style=list&stats_click=search_radio_all%3A1&ie=utf8,EOS 相机包,,,,,佳能,,,,,,,,0,,
0,,,XB37,XB37,XB37,摄影包,http://world.tmall.com/item/45007891695.htm#detail?sku_properties=5919063:3284566,圣柯瑞便携包,,https://s.taobao.com/search?q=圣柯瑞便携包&js=1&style=list&stats_click=search_radio_all%3A1&ie=utf8,圣柯瑞便携包,,,,,圣柯瑞,,,,,,,,1,,
1,,,XB39,XB39,XB39,摄影包,http://world.tmall.com/item/45007891695.htm#detail?sku_properties=5919063:3284567,圣柯瑞单肩背专业时尚可斜挎,,https://s.taobao.com/search?q=圣柯瑞单肩背专业时尚可斜挎&js=1&style=list&stats_click=search_radio_all%3A1&ie=utf8,圣柯瑞单肩背专业时尚可斜挎,,,,,圣柯瑞,,,,,,,,1,Yimin,
1,,,XB40,XB40,XB40,摄影包,http://world.tmall.com/item/45007891695.htm#detail?sku_properties=5919063:3284568,圣柯瑞梯形包简约大方抗震性强,,https://s.taobao.com/search?q=圣柯瑞梯形包简约大方抗震性强&js=1&style=list&stats_click=search_radio_all%3A1&ie=utf8,圣柯瑞梯形包简约大方抗震性强,,,,,圣柯瑞,,,,,,,,1,Yimin,
0,,,XB41,XB41,XB41,摄影包,http://world.tmall.com/item/45007891695.htm#detail?sku_properties=5919063:3284569,德卡伦斯方形包,,https://s.taobao.com/search?q=德卡伦斯方形包&js=1&style=list&stats_click=search_radio_all%3A1&ie=utf8,德卡伦斯方形包,,,,,德卡伦斯,,,,,,,,1,,
1,,,XB42,XB42,XB42,摄影包,http://world.tmall.com/item/45007891695.htm#detail?sku_properties=5919063:3284570,宾利斯特L200专业户外极限运动包,,https://s.taobao.com/search?q=宾利斯特L200专业户外极限运动包&js=1&style=list&stats_click=search_radio_all%3A1&ie=utf8,宾利斯特L200专业户外极限运动包,,,,,宾利斯特,,,,,,,,0,Yimin,
0,,,XB44,XB44,XB44,摄影包,http://world.tmall.com/item/26519380192.htm#detail?sku_properties=5919063:6536025,圣柯瑞便携包防震防雨简约大方,,https://s.taobao.com/search?q=圣柯瑞便携包防震防雨简约大方&js=1&style=list&stats_click=search_radio_all%3A1&ie=utf8,圣柯瑞便携包防震防雨简约大方,,,,,圣柯瑞,,,,,,,,0,Yimin,
0,,,XB47,XB35,XB35,摄影包,http://world.tmall.com/item/18049170006.htm#detail?sku_properties=5919063:6536025,EOS小包,,https://s.taobao.com/search?q=佳能 EOS小包&js=1&style=list&stats_click=search_radio_all%3A1&ie=utf8,佳能 EOS小包,,,,,佳能,,,,,,,,0,Carol Guo,
1,,,XB50,XB50,XB50,摄影包,http://world.taobao.com/item/44881048637.htm#detail,乐步摄影包,,https://s.taobao.com/search?q=乐步摄影包&js=1&style=list&stats_click=search_radio_all%3A1&ie=utf8,乐步摄影包,,,,,乐步,,,,,,,,0,,
0,,,XB52,XB52,XB52,摄影包,http://world.tmall.com/item/20728727154.htm#detail?sku_properties=5919063:6536025,防雨单肩摄影包,,https://s.taobao.com/search?q=防雨单肩摄影包&js=1&style=list&stats_click=search_radio_all%3A1&ie=utf8,防雨单肩摄影包,,,,,,,,,,,,,0,Yukun_He,
1,,,XB54,XB54,XB54,摄影包,http://world.tmall.com/item/20728727154.htm#detail?sku_properties=5919063:6536025,炫彩三色防震摄影包,,https://s.taobao.com/search?q=炫彩三色防震摄影包&js=1&style=list&stats_click=search_radio_all%3A1&ie=utf8,炫彩三色防震摄影包,,,,,,,,,,,,,0,Yukun_He,
1,,,XB55,XB55,XB55,摄影包,http://world.tmall.com/item/20728727154.htm#detail?sku_properties=5919063:6536025,佳能萌萌怪原装摄影包,,https://s.taobao.com/search?q=佳能萌萌怪原装摄影包&js=1&style=list&stats_click=search_radio_all%3A1&ie=utf8,佳能萌萌怪原装摄影包,,,,,,,,,,,,,0,Yukun_He,
1,,,XB56,XB56,XB56,摄影包,http://world.tmall.com/item/20728727154.htm#detail?sku_properties=5919063:6536025,佳能原装彩色摄影包,,https://s.taobao.com/search?q=佳能 彩色摄影包&js=1&style=list&stats_click=search_radio_all%3A1&ie=utf8,佳能 彩色摄影包,,,,,佳能,,,,,,,,0,Yukun_He,
1,,,XB58,XB58,XB58,摄影包,http://world.tmall.com/item/20728727154.htm#detail?sku_properties=5919063:6536025,佳能EOS多功能摄影包,,https://s.taobao.com/search?q=佳能EOS多功能摄影包&js=1&style=list&stats_click=search_radio_all%3A1&ie=utf8,佳能EOS多功能摄影包,,,,,佳能,,,,,,,,0,Yukun_He,
1,,,XB60,XB60,XB60,摄影包,http://world.taobao.com/item/35674260254.htm#detail,单反专用大号相机包,,https://s.taobao.com/search?q=单反专用大号相机包&js=1&style=list&stats_click=search_radio_all%3A1&ie=utf8,单反专用大号相机包,,,,,,,,,,,,,0,Yukun_He,
1,,,XB61,XB61,XB61,摄影包,http://world.taobao.com/item/523776961013.htm#detail,卡塔20DL相机包,,https://s.taobao.com/search?q=卡塔20DL相机包&js=1&style=list&stats_click=search_radio_all%3A1&ie=utf8,卡塔20DL相机包,,,,,,,,,,,,,0,xuncheng,
1,,,XB62,XB62,XB62,摄影包,http://world.taobao.com/item/23896264169.htm#detail,乐摄宝防雨相机包,,https://s.taobao.com/search?q=乐摄宝防雨相机包&js=1&style=list&stats_click=search_radio_all%3A1&ie=utf8,乐摄宝防雨相机包,,,,,乐摄宝,,,,,,,,0,Yukun_He,
1,,,XB63,XB63,XB63,摄影包,http://world.taobao.com/item/23969324559.htm#detail,佳能EOS升级版单反包 带防雨罩 1机2镜头闪光灯,,https://s.taobao.com/search?q=EOS 相机包&js=1&style=list&stats_click=search_radio_all%3A1&ie=utf8,EOS 相机包,,,,,佳能,,,,,,,,0,Suyang Lu,
1,,,XB64,XB64,XB64,摄影包,http://world.taobao.com/item/41802068265.htm#detail,时尚斜跨相机包,,https://s.taobao.com/search?q=斜跨相机包&js=1&style=list&stats_click=search_radio_all%3A1&ie=utf8,斜跨相机包,,,,,NA,,,,,,,,0,Sa Wang,
1,,,XB65,XB65,XB65,摄影包,http://world.taobao.com/item/41802068265.htm#detail,三角相机包,,https://s.taobao.com/search?q=三角相机包&js=1&style=list&stats_click=search_radio_all%3A1&ie=utf8,三角相机包,,,,,NA,,,,,,,,0,Sa Wang,
0,,,XB66,XB66,XB66,摄影包,https://detail.tmall.com/item.htm?spm=a1z10.5-b.w4011-11731726517.91.6phQ9D&id=44862924994&rn=a68d17c1869d30ad6ce6a9c102d72f39&abbucket=15&sku_properties=5919063:6536025,MAICHAI单反相机包,,https://s.taobao.com/search?q=MAICHAI单反相机包&js=1&style=list&stats_click=search_radio_all%3A1&ie=utf8,MAICHAI单反相机包,,,,,,,,,,,,,0,,
0,,,XB67,XB67,XB67,摄影包,https://item.taobao.com/item.htm?spm=a1z10.1-c.w8506320-11310604069.10.DSntkh&id=44838858009,瑞士军刀包,,https://s.taobao.com/search?q=瑞士军刀包&js=1&style=list&stats_click=search_radio_all%3A1&ie=utf8,瑞士军刀包,,,,,,,,,,,,,0,,
1,,,XB68,XB68,XB68,摄影包,https://item.taobao.com/item.htm?spm=a230r.1.14.53.57ZLrH&id=522606643900&ns=1&abbucket=135,佳能卡塔单反包,,https://s.taobao.com/search?q=佳能卡塔单反包&js=1&style=list&stats_click=search_radio_all%3A1&ie=utf8,佳能卡塔单反包,,,,,,,,,,,,,0,,
,,,XB69,x,x,摄影包,http://world.tmall.com/item/36982442137.htm#detail?sku_properties=5919063:6536053,乐孚品牌摄影包,,https://s.taobao.com/search?q=乐孚品牌摄影包&js=1&style=list&stats_click=search_radio_all%3A1&ie=utf8,乐孚品牌摄影包,,,,,,,,,,,,,0,,
1,,,XB70,XB70,XB70,摄影包,http://world.taobao.com/item/44331296085.htm#detail,JEEP原装防雨相机包,,https://s.taobao.com/search?q=JEEP 相机包&js=1&style=list&stats_click=search_radio_all%3A1&ie=utf8,JEEP 相机包,,,,,,,,,,,,,1,,
0,,,XB71,XB60,XB60,摄影包,http://world.taobao.com/item/36574928690.htm#detail,单反专用相机包一机两镜,,https://s.taobao.com/search?q=单反 相机包 一机 两镜&js=1&style=list&stats_click=search_radio_all%3A1&ie=utf8,单反 相机包 一机 两镜,,,,,,,,,,,,,0,,
0,,,XB72,,,摄影包,,佳能专业大号相机包,,https://s.taobao.com/search?q=&js=1&style=list&stats_click=search_radio_all%3A1&ie=utf8,,,,,,,,,,0,,,,,,
1,,,XN01,XN01,XN01,线,http://world.taobao.com/item/42468840454.htm#detail,HDMI数码高清线,,https://s.taobao.com/search?q=HDMI数码高清线&js=1&style=list&stats_click=search_radio_all%3A1&ie=utf8,HDMI数码高清线,,,,,NA,,,,,,,,0,,
0,,,XN02,XN02,XN02,线,https://detail.tmall.com/item.htm?spm=a230r.1.14.15.57ZLrH&id=44848285990&cm_id=140105335569ed55e27b&abbucket=5&skuId=82840486708,USB接口连接电缆IFC－130U,,https://s.taobao.com/search?q=USB IFC－130U&js=1&style=list&stats_click=search_radio_all%3A1&ie=utf8,USB IFC－130U,,,,,,,,,,,,,0,Yimin,
0,,,XN03,XN03,XN03,线,https://item.taobao.com/item.htm?spm=a230r.1.14.49.rC1TEB&id=43474381580&ns=1&abbucket=11,USB接口连接线,,https://s.taobao.com/search?q=相机 USB接口连接线&js=1&style=list&stats_click=search_radio_all%3A1&ie=utf8,相机 USB接口连接线,,,,,Canon,,,,,,,,0,Shuying Wu,
0,,,XN04,XN04,XN04,线,https://item.taobao.com/item.htm?spm=a230r.1.14.27.57ZLrH&id=522137161830&ns=1&abbucket=5,AV线,,https://s.taobao.com/search?q=AV线&js=1&style=list&stats_click=search_radio_all%3A1&ie=utf8,AV线,,,,,,,,,,,,,0,Yimin_Fu,
1,,,XN06,XN06,XN06,线,https://item.taobao.com/item.htm?spm=a230r.1.14.53.57ZLrH&id=522606643900&ns=1&abbucket=19,佳能快门线,,https://s.taobao.com/search?q=佳能快门线&js=1&style=list&stats_click=search_radio_all%3A1&ie=utf8,佳能快门线,,,,,佳能,,,,,,,,0,Sudan Ouyang,
1,,,XN07,XN07,XN07,线,https://item.taobao.com/item.htm?spm=a230r.1.14.27.57ZLrH&id=522137161830&ns=1&abbucket=5,快门线,,https://s.taobao.com/search?q=佳能快门线&js=1&style=list&stats_click=search_radio_all%3A1&ie=utf8,佳能快门线,,,,,,,,,,,,,0,,
0,,,XN08,XN06,XN06,线,http://world.taobao.com/item/24596036343.htm#detail,品牌EOS700D专用快门线,,https://s.taobao.com/search?q=700D 快门线&js=1&style=list&stats_click=search_radio_all%3A1&ie=utf8,700D 快门线,,,,,NA,,,,,,,,0,Sudan Ouyang,
0,,,XN09,XN09,XN09,线,http://world.taobao.com/item/45219159638.htm#detail,数据线,,https://s.taobao.com/search?q=数据线&js=1&style=list&stats_click=search_radio_all%3A1&ie=utf8,数据线,,,,,NA,,,,,,,,0,Frank_Mei,
0,,,XN10,XN10,XN10,线,https://item.taobao.com/item.htm?spm=a230r.1.14.49.rC1TEB&id=43474381580&ns=1&abbucket=12,立体声视频连接线AVC－DC400ST,,https://s.taobao.com/search?q=立体声视频连接线AVC－DC400ST&js=1&style=list&stats_click=search_radio_all%3A1&ie=utf8,立体声视频连接线AVC－DC400ST,,,,,Canon,,,,,,,,0,Frank_Mei,
0,,,XN16,XN07,,线,http://world.tmall.com/item/20728727154.htm#detail?sku_properties=5919063:6536025,单反快门遥控线,,https://s.taobao.com/search?q=单反快门遥控线&js=1&style=list&stats_click=search_radio_all%3A1&ie=utf8,单反快门遥控线,,,,,,,,,,,,,0,Yimin_Fu,
0,,,XN19,XN19,XN19,线,http://world.taobao.com/item/18999829018.htm#detail,60E3快门线,,https://s.taobao.com/search?q=60E3快门线&js=1&style=list&stats_click=search_radio_all%3A1&ie=utf8,60E3快门线,,,,,,,,,,,,,0,Yukun_He,
,,,XN20,,,线,http://world.taobao.com/item/524821870855.htm#detail,沃网动力手机数据线(苹果安卓二合一数据线),,https://s.taobao.com/search?q=&js=1&style=list&stats_click=search_radio_all%3A1&ie=utf8,,,,,,,,,,,,,,,,
1,,,YD01,YD01,YD01,移动电源,http://world.taobao.com/item/42681494957.htm#detail,香水移动电源,,https://s.taobao.com/search?q=香水移动电源&js=1&style=list&stats_click=search_radio_all%3A1&ie=utf8,香水移动电源,,,,,NA,,,,,,,,0,,
0,,,YD02,YD02,YD02,移动电源,http://world.taobao.com/item/45410114111.htm#detail,移动电源礼盒,,https://s.taobao.com/search?q=移动电源礼盒&js=1&style=list&stats_click=search_radio_all%3A1&ie=utf8,移动电源礼盒,,,,,NA,,,,,,,,0,Frank_Mei,
1,,,YK01,YK01,YK01,遥控器,https://item.taobao.com/item.htm?spm=a230r.1.14.27.57ZLrH&id=522137161830&ns=1&abbucket=5,无线遥控器,,https://s.taobao.com/search?q=相机无线遥控器&js=1&style=list&stats_click=search_radio_all%3A1&ie=utf8,相机无线遥控器,,,,,canon,,,,,,,,0,Yimin,
1,,,YK02,YK02,YK02,遥控器,http://world.taobao.com/item/27462844289.htm?spm=a312a.7700714.0.0.noAj4C#detail,佳能专用遥控器,,https://s.taobao.com/search?q=佳能专用遥控器&js=1&style=list&stats_click=search_radio_all%3A1&ie=utf8,佳能专用遥控器,,,,,佳能,,,,,,,,0,Sudan Ouyang,
1,,,YK04,YK04,YK04,遥控器,http://world.tmall.com/item/23931676362.htm?spm=a312a.7700714.0.0.VDbzGU&sku_properties=5919063:3266779,永诺RC-6遥控器,,https://s.taobao.com/search?q=永诺RC-6遥控器&js=1&style=list&stats_click=search_radio_all%3A1&ie=utf8,永诺RC-6遥控器,,RC-6,,,永诺,,,,,,,,0,Sharon Li,
1,,,YK05,YK05,YK05,遥控器,http://world.tmall.com/item/523785599849.htm#detail,RC-6遥控器,,https://s.taobao.com/search?q=RC-6遥控器&js=1&style=list&stats_click=search_radio_all%3A1&ie=utf8,RC-6遥控器,,RC-6,,,RC-6,,,,,,,,0,Yimin,
0,,,YK10,YK10,YK10,遥控器,http://world.taobao.com/item/20373091017.htm#detail,爱图仕单接头快门线或优永佳多功能遥控器 （限高配置用户）,,https://s.taobao.com/search?q=爱图仕 快门线&js=1&style=list&stats_click=search_radio_all%3A1&ie=utf8,爱图仕 快门线,,,,,爱图仕/优永佳,,,,,,,,0,,
0,,,YK10,YK10,YK10,遥控器,http://world.taobao.com/item/20373091017.htm#detail,爱图仕单接头快门线或优永佳多功能遥控器 （限高配置用户）,,https://s.taobao.com/search?q=优永佳 遥控器&js=1&style=list&stats_click=search_radio_all%3A1&ie=utf8,优永佳 遥控器,,,,,爱图仕/优永佳,,,,,,,,0,Yukun_He,
1,,,YK13,YK13,YK13,遥控器,http://world.taobao.com/item/45410114111.htm#detail,红外线遥控器,,https://s.taobao.com/search?q=相机红外线遥控器&js=1&style=list&stats_click=search_radio_all%3A1&ie=utf8,相机红外线遥控器,,,,,,,,,,,,,0,Yukun_He,
0,,,YK14,,,遥控器,http://world.taobao.com/item/18999829018.htm#detail,Fro 佳能自拍遥控器,,https://s.taobao.com/search?q=Fro 佳能自拍遥控器&js=1&style=list&stats_click=search_radio_all%3A1&ie=utf8,Fro 佳能自拍遥控器,,,,,,,,,,,,,1,Yimin,
1,,,ZG01,ZG01,ZG01,遮光罩,https://item.taobao.com/item.htm?spm=a230r.1.14.27.57ZLrH&id=522137161830&ns=1&abbucket=5,遮光罩,,https://s.taobao.com/search?q=遮光罩&js=1&style=list&stats_click=search_radio_all%3A1&ie=utf8,遮光罩,,,,,,,,,,,,,0,,
0,,,ZG03,ZG03,ZG03,遮光罩,http://world.taobao.com/item/27462844289.htm?spm=a312a.7700714.0.0.noAj4C#detail,莲花遮光罩,,https://s.taobao.com/search?q=遮光罩&js=1&style=list&stats_click=search_radio_all%3A1&ie=utf8,遮光罩,,,,,莲花,,,,,,,,0,Sudan Ouyang,
0,,,ZG06,ZG06,ZG06,遮光罩,https://item.taobao.com/item.htm?spm=a230r.1.14.53.57ZLrH&id=522606643900&ns=1&abbucket=8,佳能遮光罩,,https://s.taobao.com/search?q=佳能遮光罩&js=1&style=list&stats_click=search_radio_all%3A1&ie=utf8,佳能遮光罩,,,,,佳能,,,,,,,,0,Sharon Li,
1,,,ZG07,ZG07,ZG07,遮光罩,http://world.tmall.com/item/523785599849.htm#detail,EWD63C遮光罩,,https://s.taobao.com/search?q=EWD63C遮光罩&js=1&style=list&stats_click=search_radio_all%3A1&ie=utf8,EWD63C遮光罩,,EWD63C,,,EW-63C,,,,,,,,0,,
0,,,ZG08,ZG01,,遮光罩,http://world.tmall.com/item/45097325617.htm#detail?sku_properties=5919063:6536025,可反扣遮光罩,,https://s.taobao.com/search?q=可反扣遮光罩&js=1&style=list&stats_click=search_radio_all%3A1&ie=utf8,可反扣遮光罩,,,,,,,,,,,,,0,Yimin,
1,,,ZG09,ZG09,ZG09,遮光罩,http://world.taobao.com/item/24596036343.htm#detail,福莱特 EW-54 专用遮光罩,,https://s.taobao.com/search?q=EW-54 遮光罩&js=1&style=list&stats_click=search_radio_all%3A1&ie=utf8,EW-54 遮光罩,,EW-54,,,福莱特,,,,,,,,0,,
0,,,ZG13,ZG07,,遮光罩,http://world.tmall.com/item/45007891695.htm#detail?sku_properties=5919063:3284566,ATANK 63C遮光罩,,https://s.taobao.com/search?q=EWD63C遮光罩&js=1&style=list&stats_click=search_radio_all%3A1&ie=utf8,EWD63C遮光罩,,,,,ATANK,,,,,,,,0,Frank_Mei,
0,,,ZG16,ZG07,,遮光罩,http://world.taobao.com/item/42468840454.htm#detail,佳能专用EW－63C遮光罩（无暗角）,,https://s.taobao.com/search?q=佳能 EW－63C遮光罩&js=1&style=list&stats_click=search_radio_all%3A1&ie=utf8,佳能 EW－63C遮光罩,,,,,NA,,,,,,,,0,Yimin,
0,,,ZG17,ZG07,ZG07,遮光罩,http://world.taobao.com/item/44069100271.htm#detail,莲花63C专用遮光罩,,https://s.taobao.com/search?q=EWD63C遮光罩&js=1&style=list&stats_click=search_radio_all%3A1&ie=utf8,EWD63C遮光罩,,,,,莲花,,,,,,,,0,Yimin,
1,,,ZG18,ZG18,ZG18,遮光罩,http://world.taobao.com/item/521513506795.htm#detail,EW－60C卡口遮光罩,,https://s.taobao.com/search?q=EW－60C 遮光罩&js=1&style=list&stats_click=search_radio_all%3A1&ie=utf8,EW－60C 遮光罩,,EW－60C,,,,,,,,,,,0,Yukun_He,
0,,,ZG19,ZG01,,遮光罩,http://world.taobao.com/item/35540978058.htm#detail,国产遮光罩,,https://s.taobao.com/search?q=国产遮光罩&js=1&style=list&stats_click=search_radio_all%3A1&ie=utf8,国产遮光罩,,,,,NA,,,,,,,,0,,
0,,,ZG20,ZG07,,遮光罩,http://world.taobao.com/item/18999829018.htm#detail,国产Fro EW-63C莲花遮光罩,,https://s.taobao.com/search?q=EWD63C遮光罩&js=1&style=list&stats_click=search_radio_all%3A1&ie=utf8,EWD63C遮光罩,,,,,,,,,,,,,0,Yimin,
0,,,ZG21,ZG21,ZG21,遮光罩,http://world.taobao.com/item/43853759026.htm#detail,EW73B遮光罩（行货自带）,,https://s.taobao.com/search?q=EW73B遮光罩&js=1&style=list&stats_click=search_radio_all%3A1&ie=utf8,EW73B遮光罩,,,,,,,,,,,,,0,,
0,,,ZG22,ZG22,ZG22,遮光罩,https://item.taobao.com/item.htm?spm=a230r.1.14.53.57ZLrH&id=522606643900&ns=1&abbucket=5,腾龙遮光罩,,https://s.taobao.com/search?q=腾龙遮光罩&js=1&style=list&stats_click=search_radio_all%3A1&ie=utf8,腾龙遮光罩,,,,,,,,,,,,,0,,