index_final,product_category_chn,url_example,title_access,p_avg,price_lower_bound,price_upper_bound,Keyword search,Other possible names,Reason for deletion,Compatility,index_removed,suspect for fake brand,,Note,
BD01,肩带,https://detail.tmall.com/item.htm?spm=a230r.1.14.15.57ZLrH&id=44848285990&cm_id=140105335569ed55e27b&abbucket=5&skuId=82840486709,相机背带EW－300D,71.5634009,,,,,item not found,Yes,1,0,,,
BD02,肩带,https://item.taobao.com/item.htm?spm=a230r.1.14.49.rC1TEB&id=43474381580&ns=1&abbucket=13,相机背带 EW－100DB III,71.5634009,5,150,单反手腕带,,,Yes,0,0,,,
BD03,肩带,https://item.taobao.com/item.htm?spm=a230r.1.14.53.57ZLrH&id=522606643900&ns=1&abbucket=13,快枪手肩带,223.2705192,20,220,item not found in bundle,,,Yes,0,0,,,
BD04,肩带,http://world.taobao.com/item/44419589190.htm#detail,彩色肩带,60.38568849,10,99,彩色相机肩带,,,Yes,0,0,,,
BD05,肩带,http://world.taobao.com/item/45219159638.htm#detail,肩带,93.75916479,10,99,单反肩带,,,Yes,0,0,,,
BD06,,http://world.tmall.com/item/524363803259.htm#detail?sku_properties=5919063:6536025,GOTO 时尚肩带,,2,65,GOTO 相机肩带,,,Yes,0,0,,,
BJ01,渐变镜,http://world.taobao.com/item/522033862841.htm#detail,多色渐变镜,30.11666667,1,60,,,,U,0,0,,,
BU01,擦布,https://item.taobao.com/item.htm?spm=a230r.1.14.49.rC1TEB&id=43474381580&ns=1&abbucket=19,数码擦镜布,150.723386,1,50,,镜头擦布，高级擦布,,Yes,0,0,,,
BU02,擦布,http://world.taobao.com/item/45219159638.htm#detail,高级擦布,13.78016667,,,,,same as BU01,Yes,1,0,,,
BU04,擦布,http://world.taobao.com/item/27462844289.htm?spm=a312a.7700714.0.0.noAj4C#detail,品胜魔布,19.80708738,1,10,,,,Yes,0,0,,,
BU05,擦布,http://world.taobao.com/item/24596036343.htm#detail,镜头专用麂皮,17.06,0,15,,,,Yes,0,0,,,
BU06,擦布,http://world.taobao.com/item/43426870825.htm#detail,魔布,30.87009009,1,20,,,,Yes,0,0,,,
BU07,清洁,http://world.taobao.com/item/522863996797.htm#detail,镜头擦布,15.58079007,,,,,same as BU01,Yes,1,0,,,
CC01,储存卡,,4G内存卡,45.00758465,10,45,,,,Yes,0,0,,,
CC02,储存卡,http://world.taobao.com/item/41802068265.htm#detail,8G闪存卡,44.74288939,15,50,,,,Yes,0,0,,,
CC03,储存卡,http://world.taobao.com/item/44799639459.htm#detail,64G内存卡,252.2484424,60,280,,,,Yes,0,0,,,
CC04,储存卡,https://detail.tmall.com/item.htm?spm=a220o.1000855.0.da321h.j7h6ds&id=44878368096&skuId=99988956126,32G内存卡,116.8113995,30,120,,,,Yes,0,0,,,
CC05,储存卡,http://world.taobao.com/item/35674260254.htm#detail,闪迪4G C4 SD,21.20416667,8,25,,,,Yes,0,0,,,
CC06,储存卡,http://world.taobao.com/item/42468840454.htm#detail,闪迪8G C10 SDHC,66.9147619,10,50,,,,Yes,0,0,,,
CC07,储存卡,http://world.tmall.com/item/23931676362.htm?spm=a312a.7700714.0.0.VDbzGU&sku_properties=5919063:3266779,闪迪16G C10 40m/s SD,49.34,35,60,,闪迪16GSD266/s高速内存卡,,Yes,0,0,,,
CC08,储存卡,http://world.tmall.com/item/23931676362.htm?spm=a312a.7700714.0.0.VDbzGU&sku_properties=5919063:3266779,闪迪32G C10 40m/s SD,81.475,75,100,,,,Yes,0,0,,,
CC09,储存卡,http://world.tmall.com/item/23931676362.htm?spm=a312a.7700714.0.0.VDbzGU&sku_properties=5919063:3266779,闪迪16G 120m/s CF,229.778125,160,250,,,,Yes,0,0,,,
CC10,储存卡,http://world.tmall.com/item/23931676362.htm?spm=a312a.7700714.0.0.VDbzGU&sku_properties=5919063:3266779,闪迪32G 120m/s CF,301.4112308,180,320,,,,Yes,0,0,,,
CC11,储存卡,https://item.taobao.com/item.htm?spm=a230r.1.14.37.h8GYCj&id=24893184623&ns=1&abbucket=15,金士顿64G SDHC,153.6175676,80,200,,,,Yes,0,0,,,
CC12,储存卡,http://world.taobao.com/item/44245951423.htm#detail,索尼16G 极速卡,104.5953488,50,110,索尼16G 极速SD卡,,,Yes,0,0,,,
CC13,储存卡,http://world.taobao.com/item/44245951423.htm#detail,索尼32G 极速卡,1057.177901,80,160,索尼32G 极速SD卡,,,Yes,0,0,,,
CC14,储存卡,http://world.taobao.com/item/44245951423.htm#detail,索尼64G 极速卡,439.0156634,200,350,索尼64G 极速SD卡,,,Yes,0,0,,,
CC15,储存卡,http://world.tmall.com/item/45004671341.htm#detail?sku_properties=5919063:3266793,东芝32G C10 SD卡,137.4712162,40,80,,,,Yes,0,0,,,
CC16,储存卡,https://item.taobao.com/item.htm?spm=a230r.1.14.53.57ZLrH&id=522606643900&ns=1&abbucket=22,东芝16G C10 SD卡,75.80844869,20,50,,,,Yes,0,0,,,
CC17,储存卡,https://item.taobao.com/item.htm?spm=a230r.1.14.53.57ZLrH&id=522606643900&ns=1&abbucket=20,东芝8G C10 SD卡,56.15269036,15,30,,,,Yes,0,0,,,
CC18,储存卡,http://world.taobao.com/item/27462844289.htm?spm=a312a.7700714.0.0.noAj4C#detail,金士顿32G C10 SDHC,90.73338983,30,80,,,,Yes,0,0,,,
CC19,储存卡,http://world.taobao.com/item/27462844289.htm?spm=a312a.7700714.0.0.noAj4C#detail,金士顿16G C10 SDHC,45.575,20,50,,,,Yes,0,0,,,
CC20,储存卡,http://world.taobao.com/item/27462844289.htm?spm=a312a.7700714.0.0.noAj4C#detail,金士顿8G C10 SDHC,42.99692308,10,30,,,,Yes,0,0,,,
CC21,储存卡,http://world.taobao.com/item/43859660891.htm#detail,金士顿8G C4 SD,97.23561224,10,20,,,,Yes,0,0,,,
CC22,储存卡,http://world.taobao.com/item/43859660891.htm#detail,金士顿16G C4 SD,116.3157609,20,35,,,,Yes,0,0,,,
CC23,储存卡,http://world.taobao.com/item/43859660891.htm#detail,金士顿32G C4 SD,202.016129,50,135,,,,Yes,0,0,,,
CC24,储存卡,http://world.taobao.com/item/43859660891.htm#detail,金士顿4G C4 SD,180.7622222,10,20,,,,Yes,0,0,,,
CC25,储存卡,http://world.taobao.com/item/20373091017.htm#detail,创见8G C4 SD卡,38.5,20,50,,,,Yes,0,0,,,
CC26,储存卡,http://world.taobao.com/item/20373091017.htm#detail,创见16G C4 SD卡,22,20,50,,,,Yes,0,0,,,
CC27,储存卡,http://world.taobao.com/item/20373091017.htm#detail,创见32G C4 SD卡,85,60,100,,,,Yes,0,0,,,
CC29,储存卡,http://world.taobao.com/item/23969324559.htm#detail,J-LIKE 8G C10 SD存储卡,39.70951087,,,,,,Yes,0,0,,,
CC30,储存卡,http://world.taobao.com/item/23969324559.htm#detail,J-LIKE 16G C10 SD存储卡,45.03911964,,,,,,Yes,0,1,,,
CC31,储存卡,https://detail.tmall.com/item.htm?spm=a1z10.1-b.w9226568-9716460539.27.RzH6RS&id=44843925113&skuId=83007665794,三星32G 高速内存卡,89.29733634,40,60,,,,Yes,0,0,,,
CC32,储存卡,http://world.tmall.com/item/45097325617.htm#detail?sku_properties=5919063:6536025,可摄像高速卡,207.0897517,,,,,"Too general, refer to how many GB it has",Yes,1,0,,,
CC33,储存卡,https://detail.tmall.com/item.htm?spm=a230r.1.14.15.57ZLrH&id=44848285990&cm_id=140105335569ed55e27b&abbucket=5&skuId=82840486721,16G内存卡,30.74690745,15,50,,可摄像高速卡,,Yes,0,0,,,
CC38,储存卡,http://world.taobao.com/item/38708270318.htm#detail,闪迪8G 30m/s,61.54344828,20,35,闪迪8G 30m/s SD,,,Yes,0,0,,,
CC39,储存卡,http://world.taobao.com/item/18820622609.htm#detail,闪迪16G 30m/s SD,103.48875,20,40,,,,Yes,0,0,,,
CC40,储存卡,http://world.taobao.com/item/38708270318.htm#detail,闪迪32G 30m/s,192.7629252,60,90,闪迪32G 30m/s SD,,,Yes,0,0,,,
CC43,储存卡,http://world.tmall.com/item/26519380192.htm#detail?sku_properties=5919063:6536025,闪迪64G 40m/s SDHC,168.75,90,150,闪迪64G 80m/s SD,,,Yes,0,0,,,
CC44,储存卡,http://world.tmall.com/item/26519380192.htm#detail?sku_properties=5919063:6536025,闪迪128G 40m/s SDHC,520,280,350,闪迪128G 80m/s SD,闪迪128G C10 SD,,Yes,0,0,,,
CC45,储存卡,http://world.taobao.com/item/35540978058.htm#detail,闪迪16G 80m/s,74.16,25,50,,,,Yes,0,0,,,
CC46,储存卡,http://world.taobao.com/item/35540978058.htm#detail,闪迪32G 80m/s,123.9614646,50,80,,,,Yes,0,0,,,
CC47,储存卡,http://world.taobao.com/item/23896264169.htm#detail,闪迪32G 95m/s 高速,123.9614646,60,150,,,,Yes,0,0,,,
CC51,储存卡,http://world.tmall.com/item/45007891695.htm#detail?sku_properties=5919063:3284566,闪迪128G C10 SD,428.7615385,,,,,same as CC44,Yes,1,0,,,
CD01,充电器,https://detail.tmall.com/item.htm?spm=a230r.1.14.15.57ZLrH&id=44848285990&cm_id=140105335569ed55e27b&abbucket=5&skuId=82840486706,电池充电器LC－E7C（含电源线）,146.8883108,15,150,佳能充电器LP-E17,电池充电器LC－E17C（含电源线）,,Yes,0,0,,"for Canon 750d, 760d, m3",
CD02,充电器,http://world.taobao.com/item/45219159638.htm#detail,专用座充,70.11444444,10,150,佳能充电器LP-E8,,,Yes,0,0,,"for Canon 550d, 600d, 650d, 700d",
CD03,充电器,https://item.taobao.com/item.htm?spm=a230r.1.14.49.rC1TEB&id=43474381580&ns=1&abbucket=9,电池充电器 LC-E8C,62.5,20,200,尼康d7000充电器,,,Yes,0,0,,,
DC01,电池,http://world.taobao.com/item/38708270318.htm#detail,佳能原装电池,145.7679458,,,,,"Too general, refer to camera type",,1,0,,,
DC02,电池,http://world.tmall.com/item/37745552927.htm#detail?sku_properties=5919063:3266779,佳能LP-E8专用电池,155.04175,120,250,原装佳能700d电池,佳能LP-E8专用电池,,Yes,0,0,,,
DC03,电池,http://world.tmall.com/item/23931676362.htm?spm=a312a.7700714.0.0.VDbzGU&sku_properties=5919063:3266779,备用沣标LP-E6电池 质保1年包换,107.9194808,40,100,沣标LP-E6电池,沣标LPE6佳能EOS 5D S R 5D2 5D3 7D 6D 70D电池,,Yes,0,0,,,
DC04,电池,https://item.taobao.com/item.htm?spm=a230r.1.14.53.57ZLrH&id=522606643900&ns=1&abbucket=17,原装LP-E17锂电,293.5042,100,300,原装佳能750d电池,原装锂电池 LP-E17 750D/760D/M3电池 750D,,Yes,0,1,,,
DC06,电池,http://world.taobao.com/item/23896264169.htm#detail,科维胜E8备用电池,95,50,120,科维胜LP-E8电池,,,Yes,0,0,,,
DC07,电池,https://detail.tmall.com/item.htm?spm=a220o.1000855.0.da321h.j7h6ds&id=44878368096&skuId=99988956126,备用电池,214.7790698,,,,,"Too general, refer to camera type",,1,0,,,
DC08,电池,http://world.taobao.com/item/44069100271.htm#detail,国产电池,75.88114865,,,,,"Too general, refer to camera type",,1,0,,,
DC10,电池,http://world.taobao.com/item/45219159638.htm#detail,全新锂电池,102.9032506,,,,,"Too general, refer to camera type",,1,0,,,
DC13,电池,http://world.tmall.com/item/18352298789.htm#detail?sku_properties=5919063:6536025,品牌E8电池,36,10,90,品牌LP-E8电池,锂电池LP－E8,,Yes,0,0,,,
DC14,电池,http://world.taobao.com/item/42681494957.htm#detail,三尼LP-E8锂电,57,,,,,,Yes,0,0,,,
DC15,电池,http://world.taobao.com/item/35540978058.htm#detail,沣标E8电池,91.93988142,20,65,沣标LP-E8电池,,,Yes,0,0,,,
DC16,电池,http://world.taobao.com/item/522606643900.htm#detail,移动电池,291.1414189,,,,,"Too general, refer to camera type",,1,0,,,
DC17,电池,https://item.taobao.com/item.htm?spm=a230r.1.14.49.rC1TEB&id=43474381580&ns=1&abbucket=10,锂电池LP－E8,87.61079007,,,,,same as dc13,Yes,1,0,,,
DC18,电池,https://detail.tmall.com/item.htm?spm=a230r.1.14.15.57ZLrH&id=44848285990&cm_id=140105335569ed55e27b&abbucket=5&skuId=82840486707,锂电池LP－E17,274.7162963,,,,,same as dc04,Yes,1,0,,,
DC19,电池,http://world.tmall.com/item/26519380192.htm#detail?sku_properties=5919063:6536025,桑格E8电池,51.87560976,20,60,桑格LP-E8电池,,,Yes,0,0,,,
DC20,电池,http://world.tmall.com/item/26519380192.htm#detail?sku_properties=5919063:6536025,品胜E8电池,68.32474041,45,80,品胜LP-E8电池,,,Yes,0,0,,,
DC21,电池,http://world.taobao.com/item/41802068265.htm#detail,品牌电池,95.59218962,,,,,"Too general, refer to camera type",Yes,1,0,,,
DC22,电池,http://world.taobao.com/item/38871554135.htm#detail,沣标专用电池,180.9366667,,,,,"Too general, refer to camera type",Yes,1,0,,,
DC23,电池,http://world.tmall.com/item/45837345735.htm#detail?sku_properties=5919063:6536025,佳能17L原装电池,1839.065112,,,,,same as dc04,Yes,1,0,,,
DK01,读卡器,http://world.taobao.com/item/35540978058.htm#detail,读卡器,289.5541723,5,55,SD读卡器,"高速读卡器, 2.0读卡器",,Yes,0,0,,,
DK02,读卡器,http://world.taobao.com/item/27462844289.htm?spm=a312a.7700714.0.0.noAj4C#detail,沣标高速读卡器,128.3333333,,,,,same as DK05,Yes,1,0,,,
DK03,读卡器,http://world.taobao.com/item/523084126902.htm#detail,高速读卡器,31.96681716,,,,,same as DK01,Yes,1,0,,,
DK04,读卡器,https://item.taobao.com/item.htm?spm=a230r.1.14.49.rC1TEB&id=43474381580&ns=1&abbucket=17,2.0读卡器,82.81424379,,,,,same as DK01,Yes,1,0,,,
DK05,读卡器,http://world.tmall.com/item/23931676362.htm?spm=a312a.7700714.0.0.VDbzGU&sku_properties=5919063:3266779,沣标SDHC高速读卡器1个颜色随机,92.70575621,2,55,,沣标高速读卡器,,Yes,0,0,,,
DK06,读卡器,https://detail.tmall.com/item.htm?spm=a230r.1.14.3.57ZLrH&id=45126747218&cm_id=140105335569ed55e27b&abbucket=5&sku_properties=5919063:6536025,USB2.0 高速读卡器,31.04200903,,,,,,Yes,0,0,,,
DK07,读卡器,https://item.taobao.com/item.htm?spm=a230r.1.14.45.JooTKV&id=42445756648&ns=1&abbucket=2,川宇读卡器2.0,22.31957111,,,,,same as DK07,Yes,1,0,,,
DK08,读卡器,http://world.tmall.com/item/523785599849.htm#detail,二合一读卡器,48.02568849,,,,,,Yes,1,0,,,
DK09,读卡器,http://world.tmall.com/item/44843925113.htm#detail,川宇高速sdhc专用读卡器,9.99,2,15,川宇高速读卡器,川宇读卡器,,Yes,0,0,,,
DK10,读卡器,http://world.taobao.com/item/522610228084.htm#detail,SD读卡器,34.01286682,,,,,same as DK01,Yes,1,0,,,
DK11,读卡器,http://world.taobao.com/item/23969324559.htm#detail,SDHC高速高清读卡器,29.80002257,,,,,same as DK01,Yes,1,0,,,
DK12,读卡器,http://world.taobao.com/item/24596036343.htm#detail,品胜多合一读卡器 USB2.0高速读卡器,57.40530612,5,50,品胜多功能读卡器2.0,,,Yes,0,0,,,
DK13,读卡器,http://world.taobao.com/item/18820622609.htm#detail,多功能读卡器,29.34580135,6,50,,USB高速读卡器/SD高速读卡器,,Yes,0,0,,,
DK14,读卡器,http://world.taobao.com/item/43859660891.htm#detail,四合一读卡器,21.91990971,8,50,,,,Yes,0,0,,,
DK15,读卡器,http://world.taobao.com/item/40565901878.htm#detail,多合一读卡器,31.14137698,5,50,,,,Yes,0,0,,,
DK16,读卡器,http://world.tmall.com/item/20728727154.htm#detail?sku_properties=5919063:6536025,USB多功能读卡器,49.19038375,2,50,,,,Yes,0,0,,,
DK17,读卡器,http://world.tmall.com/item/45007891695.htm#detail?sku_properties=5919063:3284566,品胜高速读卡器,30.19501129,10,30,,,,Yes,0,0,,,
DK18,读卡器,http://world.tmall.com/item/26519380192.htm#detail?sku_properties=5919063:6536025,川宇高速读卡器,32.81076749,,,,,same as DK12,Yes,1,0,,,
DK19,读卡器,http://world.taobao.com/item/521513506795.htm#detail,川宇读卡器,8.394288939,,,,,same as DK09,Yes,1,0,,,
DK20,读卡器,http://world.tmall.com/item/20728727154.htm#detail?sku_properties=5919063:6536025,USB高速读卡器,46.55234763,,,,,same as DK13,Yes,1,0,,,
DK21,读卡器,http://world.taobao.com/item/20373091017.htm#detail,SD高速读卡器,27.63602709,,,,,same as DK13,Yes,1,0,,,
DZ01,袋子,http://world.taobao.com/item/42681494957.htm#detail,配件收纳袋,162.4497541,2,50,相机配件收纳袋,,,Yes,0,0,,,
DZ02,镜头袋,http://world.taobao.com/item/44069100271.htm#detail,镜头袋,404.2546953,5,100,,,,Yes,0,0,,,
DZ03,笔袋,https://detail.tmall.com/item.htm?spm=a1z10.1-b.w9226568-9716460539.27.RzH6RS&id=44843925113&skuId=83007665794,佳能限量土豪金笔袋,120.632027,,,not found in link,,not existed,Yes,0,1,,,
EJ01,耳机,http://world.taobao.com/item/36613205733.htm#detail,超炫面条耳机,44.5,,,,,,Yes,0,1,,,
EJ02,耳机,http://world.taobao.com/item/36613205733.htm#detail,时尚折叠式头戴耳机,271.2895485,20,60,,,,Yes,0,0,,,
EJ03,耳机,http://world.taobao.com/item/522606643900.htm#detail,便携式耳机,533.1516027,5,60,"looks like beats earphone, but unlikely to be true",,,Yes,0,0,,,
FC01,防尘,https://item.taobao.com/item.htm?spm=a230r.1.14.53.57ZLrH&id=522606643900&ns=1&abbucket=10,精美防尘塞,91.52203822,0,20,,,,Yes,0,0,,,
FD01,防丢,https://item.taobao.com/item.htm?spm=a230r.1.14.47.D7usJI&id=45211183332&ns=1&abbucket=3,镜头盖防丢绳,11.42634312,5,30,,,,Yes,0,0,,,
FD05,防丢,http://world.taobao.com/item/35540978058.htm#detail,镜头防丢扣,14.09234763,3,15,,,,Yes,0,0,,,
FD07,防丢,http://world.taobao.com/item/41802068265.htm#detail,相机镜头扣,27.77769752,5,15,,,,Yes,0,0,,,
FH01,防护屏,http://world.taobao.com/item/44419589190.htm#detail,专用金刚防护屏,24.80716216,5,80,佳能750d金刚屏,,,Yes,0,0,,,
FH02,防护屏,http://world.taobao.com/item/24596036343.htm#detail,宝贝 Baby EOS700D 防护屏高透光高强度全面防护,31.71216704,,,,,not existed,Yes,1,1,,,
FH03,防护屏,http://world.taobao.com/item/521513506795.htm#detail,液晶保护屏,59.24909707,2,40,佳能700D液晶保护屏,液晶保护屏,,Yes,0,0,,,
FH04,防护屏,http://world.taobao.com/item/41802068265.htm#detail,防爆金刚贴,73.13582393,5,80,佳能700D金刚屏,防爆金刚贴,,Yes,0,0,,,
GJ01,星光镜,https://item.taobao.com/item.htm?spm=a230r.1.14.27.57ZLrH&id=522137161830&ns=1&abbucket=5,星光镜,12386.60294,15,100,,,,U,0,0,,,
GJ02,星光镜,https://item.taobao.com/item.htm?spm=a230r.1.14.45.JooTKV&id=42445756648&ns=1&abbucket=2,艾蒙星光镜,526.348307,,,,,not existed,U,1,1,,,
GJ03,星光镜,http://world.taobao.com/item/42681494957.htm#detail,卓美8线星光镜,72.87309255,20,100,,,,U,0,0,,,
GJ04,星光镜,http://world.taobao.com/item/43168072227.htm#detail,绿叶星光镜,28.99022523,10,30,,,,U,0,0,,,
GP01,光盘,https://detail.tmall.com/item.htm?spm=a230r.1.14.15.57ZLrH&id=44848285990&cm_id=140105335569ed55e27b&abbucket=5&skuId=82840486712,EOS数码解决方案光盘,22,15,30,,,,Yes,0,0,,,
GS01,机身盖,https://detail.tmall.com/item.htm?spm=a230r.1.14.3.57ZLrH&id=45126747218&cm_id=140105335569ed55e27b&abbucket=5&sku_properties=5919063:6536025,机身盖,466.6429167,2,30,佳能机身盖,,,Yes,0,0,,,
HF01,网络话费,https://item.taobao.com/item.htm?spm=a230r.1.14.27.57ZLrH&id=522137161830&ns=1&abbucket=5,价值100元（600分钟）微会话费,43.27664414,,,,,,Yes,0,0,,,
HJ01,中灰镜,https://item.taobao.com/item.htm?spm=a230r.1.14.27.57ZLrH&id=522137161830&ns=1&abbucket=5,中灰镜,474.1763431,20,300,圆形中灰镜,,,U,0,0,,,
JB01,镜头笔,https://item.taobao.com/item.htm?spm=a230r.1.14.47.D7usJI&id=45211183332&ns=1&abbucket=3,镜头笔,48.85273138,10,90,,清洁笔，专用镜头笔,,Yes,0,0,,,
JB03,镜头笔,http://world.tmall.com/item/44843925113.htm#detail,nisi正品耐司镜头笔,48.24657534,10,90,,,,Yes,0,0,,,
JB04,镜头笔,http://world.taobao.com/item/43859660891.htm#detail,高级清洁笔,85.65439863,5,90,,,,Yes,0,0,,,
JB04,清洁,http://world.taobao.com/item/35674260254.htm#detail,清洁笔,85.65439863,,,,,same as JB01,Yes,1,0,,,
JB05,镜头笔,http://world.taobao.com/item/24596036343.htm#detail,国际通专业镜头笔,58.93553047,,,,,same as JB01,Yes,1,0,,,
JB06,镜头笔,https://item.taobao.com/item.htm?spm=a230r.1.14.49.rC1TEB&id=43474381580&ns=1&abbucket=28,镜头清洁笔,41.15832957,,,,,same as JB01,Yes,1,0,,,
JC01,教材,https://detail.tmall.com/item.htm?spm=a230r.1.14.3.57ZLrH&id=45126747218&cm_id=140105335569ed55e27b&abbucket=5&sku_properties=5919063:6536025,蚂蚁原创大白话教程2.0,1377.163144,,,,,not existed,Yes,1,1,,,
JC02,教材,https://item.taobao.com/item.htm?spm=a230r.1.14.53.57ZLrH&id=522606643900&ns=1&abbucket=11,摄影教材,53.67860045,5,60,摄影基础与入门,,,Yes,0,0,,,
JC03,教材,https://detail.tmall.com/item.htm?spm=a230r.1.14.15.57ZLrH&id=44848285990&cm_id=140105335569ed55e27b&abbucket=5&skuId=82840486715,佳能园地季刊,27.95909091,,,佳能园地,,item not existed,Yes,1,1,,,
JC04,教材,http://world.taobao.com/item/522610228084.htm#detail,电子版摄影培训教材,74.6,,,摄影培训教材,,,Yes,0,0,,,
JC05,教材,http://world.taobao.com/item/522610228084.htm#detail,电子版摄影基础与入门书,56.4429932,,,,,,Yes,1,0,,,
JC06,教材,http://world.taobao.com/item/19999809846.htm#detail,专业专用电子版培训教材,49.17837472,,,,,,Yes,1,0,,,
JC07,教材,http://world.taobao.com/item/19999809846.htm#detail,《入门摄影书》纸质书一本,60.25060811,15,100,入门摄影书,,,Yes,0,0,,,
JC08,教材,http://world.taobao.com/item/43736454825.htm#detail,基础入门书,33.95810384,15,100,摄影基础入门书,,,Yes,0,0,,,
JD01,金刚屏,https://item.taobao.com/item.htm?spm=a230r.1.14.47.D7usJI&id=45211183332&ns=1&abbucket=3,佳能金刚屏,62.00448198,,,,,"Too general, refer to camera type",Yes,1,0,,,
JD02,金刚屏,https://item.taobao.com/item.htm?spm=a230r.1.14.45.JooTKV&id=42445756648&ns=1&abbucket=2,防爆金刚屏,73.44119369,,,,,refer to camera type,Yes,1,0,,,
JD03,金刚屏,http://world.taobao.com/item/44895648806.htm#detail,高级金刚屏,42.21428571,,,,,refer to camera type,Yes,1,0,,,
JG01,镜头盖,https://detail.tmall.com/item.htm?spm=a230r.1.14.3.57ZLrH&id=45126747218&cm_id=140105335569ed55e27b&abbucket=5&sku_properties=5919063:6536025,镜头盖,2194.16223,2,70,佳能18-55镜头盖,,,Yes,0,0,,,
JP04,镜头,http://world.taobao.com/item/522606643900.htm#detail,自拍镜,41.58533784,,,not found in link,,,No,1,0,,,
JQ01,近摄接圈,http://world.taobao.com/item/44895648806.htm#detail,近摄接圈,550.9347368,15,250,佳能近摄接圈,,,U,0,0,,,
JQ02,近摄镜,http://world.taobao.com/item/19999809846.htm#detail,绿叶近摄镜,27.46711712,20,100,,,,Yes,0,0,,,
JS01,镜头绳,http://world.taobao.com/item/44895648806.htm#detail,镜头绳,11.7086036,5,15,,,,Yes,0,0,,,
JT04,镜头,http://world.taobao.com/item/522606643900.htm#detail,自拍镜,2347.50461,,,,,item not existed,Yes,1,1,,,
JZ01,镜头纸,http://world.taobao.com/item/27462844289.htm?spm=a312a.7700714.0.0.noAj4C#detail,品胜镜头纸,17.7929955,,,,,,Yes,0,0,,,
JZ02,镜头纸,http://world.tmall.com/item/23931676362.htm?spm=a312a.7700714.0.0.VDbzGU&sku_properties=5919063:3266779,专业清洁镜头纸,43.31060948,,,,擦镜纸，镜头纸,,Yes,0,0,,,
JZ03,镜头纸,http://world.taobao.com/item/44799639459.htm#detail,擦镜纸,43.3027027,,,,,,Yes,1,0,,,
JZ04,镜头纸,http://world.taobao.com/item/36574928690.htm#detail,麂皮擦镜纸,75.61574324,,,,,,Yes,1,0,,,
JZ05,镜头纸,http://world.taobao.com/item/43859660891.htm#detail,镜头纸,43.3027027,,,,,,Yes,1,0,,,
JZ08,镜头纸,http://world.taobao.com/item/523084126902.htm#detail,品胜魔布 品胜镜头纸,13.72027027,,,,,,Yes,1,0,,,
LJ05,滤镜,http://world.taobao.com/item/20167630571.htm#detail,普通通用滤镜,87.98594595,,,not found in link,,,Yes,0,0,,,
LP01,礼品,http://world.taobao.com/item/19999809846.htm#detail,温馨小礼品,63.475,,,,,,U,0,0,,,
MO01,保护膜,https://item.taobao.com/item.htm?spm=a230r.1.14.49.rC1TEB&id=43474381580&ns=1&abbucket=20,屏幕保护膜,54.75288288,10,80,尼康d7000保护膜,,,Yes,0,0,,,
MO02,保护膜,http://world.taobao.com/item/522610228084.htm#detail,LCD保护膜,44.69754505,5,80,佳能750d保护膜,,,Yes,0,0,,,
MO03,保护膜,http://world.taobao.com/item/24596036343.htm#detail,品胜EOS700D专用保护膜,3.5,,,,,,Yes,1,0,,,
MO04,保护膜,http://world.taobao.com/item/41599133465.htm#detail,保护膜,56.32380631,,,,,,Yes,1,0,,,
MO05,保护膜,http://world.taobao.com/item/19999809846.htm#detail,LCD液晶保护贴＊3张,28.25,,,,,,Yes,1,0,,,
MO06,保护膜,http://world.taobao.com/item/19999809846.htm#detail,液晶保护贴膜,44.53884876,,,,,,Yes,1,0,,,
MO07,保护膜,http://world.taobao.com/item/38708270318.htm#detail,防静电高清保护膜,9.908974359,5,80,佳能700d防静电保护膜,,,Yes,0,0,,,
MO08,保护膜,http://world.tmall.com/item/43452978184.htm#detail,高清膜,32.20083333,,,,,,Yes,1,0,,,
MO09,保护膜,http://world.taobao.com/item/523100968788.htm#detail,金刚贴膜,69.2513964,10,80,尼康d7100金刚贴膜,,,Yes,0,0,,,
MO10,保护膜,http://world.taobao.com/item/18820622609.htm#detail,品胜高级屏幕保护贴,3.5,,,,,,Yes,1,0,,,
MO11,保护膜,http://world.taobao.com/item/23969324559.htm#detail,佳能专业相机液晶保护膜,44.69754505,,,,,,Yes,1,0,,,
MO12,保护膜,http://world.tmall.com/item/44843925113.htm#detail,专用三层高透静电保护膜,7.7075,5,40,佳能750d保护膜,,,Yes,0,0,,,
MO13,保护膜,https://detail.tmall.com/item.htm?spm=a1z10.5-b.w4011-11731726517.91.6phQ9D&id=44862924994&rn=a68d17c1869d30ad6ce6a9c102d72f39&abbucket=15&sku_properties=5919063:6536025,沃尔夫冈金刚贴,138.9578947,,,,,,No,0,0,,,
MO14,贴膜,http://world.tmall.com/item/23931676362.htm?spm=a312a.7700714.0.0.VDbzGU&sku_properties=5919063:3266779,佳能EOS 5D专用专业防护 金刚贴膜,63.70617117,10,150,佳能5d3金刚贴膜,,,Yes,0,0,,,
MO15,贴膜,https://item.taobao.com/item.htm?spm=a230r.1.14.53.57ZLrH&id=522606643900&ns=1&abbucket=7,索尼屏幕贴,35.08162162,,,,,,No,0,0,,,
MO16,贴膜,http://world.taobao.com/item/521513506795.htm#detail,防辐射贴,56.34632883,10,20,佳能700d防辐射贴膜,,,Yes,0,0,,,
MO17,贴膜,http://world.taobao.com/item/23924620234.htm#detail,高级防水贴膜,41.3225,,,,,No such function,Yes,1,1,,,
MZ01,EOS帽子,https://detail.tmall.com/item.htm?spm=a230r.1.14.15.57ZLrH&id=44848285990&cm_id=140105335569ed55e27b&abbucket=5&skuId=82840486719,EOS帽子,36.32934426,5,60,,,,Yes,0,0,,,
ND01,摄影包,http://world.tmall.com/item/20728727154.htm#detail?sku_properties=5919063:6536025,单反内胆包,76.14833333,10,50,,内胆防震包,,Yes,0,0,,,
ND02,内胆包,http://world.taobao.com/item/523084126902.htm#detail,内胆防震包,242.2273423,,,,,same as ND01,Yes,1,0,,,
ND03,内胆包,https://item.taobao.com/item.htm?spm=a230r.1.14.53.57ZLrH&id=522606643900&ns=1&abbucket=15,佳能内胆包,59.91813063,10,60,,,,Yes,0,0,,,
PG01,自拍杆,http://world.taobao.com/item/19999809846.htm#detail,自拍杆,56.69885135,5,15,,,,No,0,0,,,
PZ01,偏振镜,https://item.taobao.com/item.htm?spm=a230r.1.14.27.57ZLrH&id=522137161830&ns=1&abbucket=5,CPL偏振镜,1931.178571,30,150,,,,U,0,0,,,
PZ02,偏振镜,http://world.taobao.com/item/27462844289.htm?spm=a312a.7700714.0.0.noAj4C#detail,kase 专业偏振镜,470.8400901,20,300,卡色偏振镜,kase 专业偏振镜,,Yes,0,0,,,
PZ03,偏振镜,http://world.taobao.com/item/27462844289.htm#detail,kase67CPL专业偏振镜片,384.8178378,150,300,卡色偏振镜67,kase67CPL专业偏振镜片,,Yes,0,0,,,
PZ04,偏振镜,http://world.tmall.com/item/23931676362.htm?spm=a312a.7700714.0.0.VDbzGU&sku_properties=5919063:3266779,变色龙HD高清CPL偏振镜,433.3626087,100,300,变色龙CPL偏振镜,变色龙HD高清CPL偏振镜,,Yes,0,1,,,
PZ06,偏振镜,https://item.taobao.com/item.htm?spm=a230r.1.14.45.JooTKV&id=42445756648&ns=1&abbucket=3,艾蒙偏振镜,257.6915541,30,150,品牌偏振镜,"艾蒙偏振镜，莱福特CPL, 丽达偏振镜,品牌58mmCPL",,Yes,0,1,,,
PZ07,偏振镜,http://world.taobao.com/item/24596036343.htm#detail,肯高58CPL专业偏振镜片,251.1004955,50,300,肯高偏振镜 58,,,Yes,0,0,,,
PZ08,偏振镜,http://world.taobao.com/item/522610228084.htm#detail,绿叶CPL偏振镜,48.68029279,10,80,,,,Yes,0,0,,,
PZ09,偏振镜,http://world.taobao.com/item/35540978058.htm#detail,莱福特CPL,283.933018,,,,,item not existed,Yes,1,0,,,
PZ10,偏振镜,http://world.tmall.com/item/26519380192.htm#detail?sku_properties=5919063:6536025,正品LIDA丽达偏振CPL镜,270.7280631,,,,,item not existed,Yes,1,0,,,
PZ11,偏振镜,http://world.tmall.com/item/45004671341.htm#detail?sku_properties=5919063:3266795,品牌58mmCPL,228.0457207,,,,,same as PZ 06,Yes,1,0,,,
QC01,气吹,https://detail.tmall.com/item.htm?spm=a230r.1.14.15.57ZLrH&id=44848285990&cm_id=140105335569ed55e27b&abbucket=5&skuId=82840486714,德国爱丽气吹,65.56495935,30,80,,,,Yes,0,0,,,
QC02,气吹,https://item.taobao.com/item.htm?spm=a230r.1.14.47.D7usJI&id=45211183332&ns=1&abbucket=3,气吹,23.92587838,5,25,,大号气吹,,Yes,0,0,,,
QC04,气吹,http://world.taobao.com/item/43859660891.htm#detail,大号气吹,51.65858108,,,,,same as QC02,Yes,1,0,,,
QT01,清洁,https://detail.tmall.com/item.htm?spm=a230r.1.14.15.57ZLrH&id=44848285990&cm_id=140105335569ed55e27b&abbucket=5&skuId=82840486722,清洁套装,41.4243018,5,30,,蚂蚁高级摄影高档清洁养护套装，数码客4合1清洁伴侣,,Yes,0,0,,,
QT02,清洁,http://world.tmall.com/item/45837345735.htm#detail?sku_properties=5919063:6536025,清洁膜布,39.52033784,2,15,清洁膜布 单反,,,Yes,0,0,,,
QT03,清洁,https://detail.tmall.com/item.htm?spm=a230r.1.14.3.57ZLrH&id=45126747218&cm_id=140105335569ed55e27b&abbucket=5&sku_properties=5919063:6536031,蚂蚁高级摄影高档清洁养护套装,39.63722222,,,,same as QT01,,Yes,1,0,,,
QT04,清洁,http://world.tmall.com/item/523785599849.htm#detail,清洁三件套,25.87722973,3,30,,same as QT14,,Yes,1,0,,,
QT05,清洁,http://world.tmall.com/item/44843925113.htm#detail,数码客4合1清洁伴侣,59.00539894,,,,same as QT01,,Yes,1,0,,,
QT07,清洁,http://world.taobao.com/item/43859660891.htm#detail,高级数码擦,47.39599099,1,10,,,,Yes,0,0,,,
QT10,清洁,http://world.taobao.com/item/20373091017.htm#detail,优永佳三合一高级清洁套装（镜头笔、清洁布、强力气吹）,30.1285159,20,35,优永佳三合一清洁套装,,,Yes,0,0,,,
QT13,清洁,http://world.taobao.com/item/23896264169.htm#detail,亮洁清洁套装,13.38468468,,,,,,Yes,0,0,,,
QT14,清洁,http://world.taobao.com/item/44069100271.htm#detail,3合1清洁套装,30.1285159,3,30,,清洁三件套,,Yes,0,0,,,
QT15,清洁,http://world.tmall.com/item/18352298789.htm#detail?sku_properties=5919063:6536025,威高D-15308清洁套装,131.5395714,5,20,,,,Yes,0,0,,,
QT16,清洁,http://world.tmall.com/item/35454140792.htm#detail,毛刷,49.28063063,,,,,same as QT17,Yes,1,0,,,
QT17,清洁,http://world.taobao.com/item/19999809846.htm#detail,镜头刷,45.70556306,10,60,,毛刷,,Yes,0,0,,,
QT18,清洁,https://detail.tmall.com/item.htm?spm=a1z10.5-b.w4011-3275700854.69.pjRsYS&id=44819603679&rn=599bb6e6c44366af0abb21bdf3812c54&abbucket=15&sku_properties=5919063:6536025,气吹镜头笔套装,101.5454955,20,100,,,,Yes,0,0,,,
QT19,清洁,http://world.taobao.com/item/40452911197.htm#detail,清洁液,40.93416667,5,40,镜头清洁液,闪光灯三色柔光罩，彩色柔光罩,,Yes,0,0,,,
RG01,柔光罩,https://item.taobao.com/item.htm?spm=a230r.1.14.27.57ZLrH&id=522137161830&ns=1&abbucket=5,三色柔光罩,15.07277027,5,40,,,,Yes,0,0,,,
RG02,柔光罩,https://item.taobao.com/item.htm?spm=a230r.1.14.47.D7usJI&id=45211183332&ns=1&abbucket=3,柔光罩,76.46033784,,,,,,Yes,1,0,,,
RG03,柔光罩,http://world.taobao.com/item/521513506795.htm#detail,闪光灯柔光罩,90.3486036,10,70,,柔光罩,,Yes,0,0,,,
RG04,柔光罩,http://world.tmall.com/item/20728727154.htm#detail?sku_properties=5919063:6536025,闪光灯三色柔光罩,14.65060811,,,,,same as RG01,Yes,1,0,,,
RG05,柔光罩,http://world.taobao.com/item/44895648806.htm#detail,彩色柔光罩,26,,,,,same as RG01,Yes,1,0,,,
SJ01,三脚架,https://detail.tmall.com/item.htm?spm=a230r.1.14.15.57ZLrH&id=44848285990&cm_id=140105335569ed55e27b&abbucket=5&skuId=82840486724,三脚架,370.0222973,20,250,,"大三角架, TR533三脚架",,Yes,0,0,,,
SJ02,三脚架,http://world.taobao.com/item/43859660891.htm#detail,大号章鱼三脚架,68.34412162,10,70,,,,Yes,0,0,,,
SJ03,三脚架,https://item.taobao.com/item.htm?spm=a230r.1.14.47.D7usJI&id=45211183332&ns=1&abbucket=3,云腾三脚架,137.5716667,80,300,,,,Yes,0,0,,,
SJ04,三脚架,https://item.taobao.com/item.htm?spm=a230r.1.14.47.D7usJI&id=45211183332&ns=1&abbucket=3,1.5米三脚架,166.3726802,30,120,,,,Yes,0,0,,,
SJ06,三脚架,https://detail.tmall.com/item.htm?spm=a230r.1.14.3.57ZLrH&id=45126747218&cm_id=140105335569ed55e27b&abbucket=5&sku_properties=5919063:6536025,云腾专业大三角架,720.510177,100,650,,,,Yes,0,0,,,
SJ07,三脚架,http://world.taobao.com/item/40148868087.htm#detail,1.2米三角架,157.0713063,30,120,,,,Yes,0,0,,,
SJ08,三脚架,http://world.tmall.com/item/523785599849.htm#detail,云腾680三脚架,196.9651802,70,120,,,,Yes,0,0,,,
SJ09,三脚架,http://world.tmall.com/item/45097325617.htm#detail?sku_properties=5919063:6536025,百诺三脚架,1076.829505,200,1200,,,,Yes,0,0,,,
SJ10,三脚架,http://world.tmall.com/item/45004671341.htm#detail?sku_properties=5919063:3266796,云腾690三脚架,203.3821396,100,200,,,,Yes,0,0,,,
SJ11,三脚架,https://detail.tmall.com/item.htm?spm=a1z10.1-b.w9226568-9716460539.27.RzH6RS&id=44843925113&skuId=83007665794,CX-560三脚架,355.2876351,100,350,,,,Yes,0,0,,,
SJ15,三脚架,http://world.tmall.com/item/20728727154.htm#detail?sku_properties=5919063:6536025,云腾三维云台三脚架,238.5728931,100,220,,,,Yes,0,0,,,
SJ16,三脚架,http://world.taobao.com/item/24596036343.htm#detail,伟峰6662A镁铝合金脚架套装（含专业三维球形云台）,238.1615315,100,250,伟峰6662A镁铝合金脚架套装,,,Yes,0,0,,,
SJ17,三脚架,http://world.taobao.com/item/24596036343.htm#detail,伟峰WT-6663A镁铝合金脚架套装（含专业三维球形云台）,87.04285714,100,250,伟峰6663A三脚架,,,Yes,0,0,,,
SJ18,三脚架,http://world.taobao.com/item/45219159638.htm#detail,小三脚架,318.2221847,10,100,,,,Yes,0,0,,,
SJ21,三脚架,http://world.tmall.com/item/45007891695.htm#detail?sku_properties=5919063:3284566,金钟cx－888三脚架,236.9738865,100,250,金钟cx888三脚架,,,Yes,0,0,,,
SJ22,三脚架,http://world.tmall.com/item/45004671341.htm#detail?sku_properties=5919063:3266796,百诺T－800三脚架,574.4444444,100,250,百诺T800三脚架,,,Yes,0,0,,,
SJ23,三脚架,http://world.taobao.com/item/521513506795.htm#detail,中号章鱼三脚架,29.82887387,10,50,,,,Yes,0,0,,,
SJ25,三脚架,http://world.tmall.com/item/18053093587.htm#detail?sku_properties=5919063:3266816,伟锋三脚架,252.7603774,50,300,,,,Yes,0,0,,,
SJ28,三脚架,http://world.taobao.com/item/40148868087.htm#detail,八爪鱼三角架,117.5463514,10,300,,,,Yes,0,0,,,
SJ29,三脚架,http://world.taobao.com/item/23896264169.htm#detail,伟峰330A大三脚架,111.5446396,30,100,伟峰330A三脚架,,,Yes,0,0,,,
SJ32,三脚架,http://world.tmall.com/item/44231886556.htm#detail?sku_properties=5919063:6536025,大三角架,888.1026802,,,,,same as SJ01,Yes,1,0,,,
SJ33,三脚架,http://world.taobao.com/item/18999829018.htm#detail,云腾VCT-690RM三脚架,279.8141441,100,200,,,,Yes,0,0,,,
SJ34,三脚架,http://world.taobao.com/item/38871554135.htm#detail,云腾668三脚架,225469.1541,100,300,,,,Yes,0,0,,,
SP01,水平仪,https://detail.tmall.com/item.htm?spm=a230r.1.14.15.57ZLrH&id=44848285990&cm_id=140105335569ed55e27b&abbucket=5&skuId=82840486718,水平仪,16.60896396,5,30,水平仪 单反,,,Yes,0,0,,,
SP02,水平仪,https://item.taobao.com/item.htm?spm=a230r.1.14.47.D7usJI&id=45211183332&ns=1&abbucket=3,热靴水平仪,14.67768018,2,15,,,,Yes,0,0,,,
SP03,水平仪,http://world.taobao.com/item/24596036343.htm#detail,专用热靴盖,16.25162162,0,15,,,,Yes,0,0,,,
SW01,手腕带,http://world.taobao.com/item/44895648806.htm#detail,高级手腕带,60.22896396,10,150,,,,Yes,0,0,,,
TZ01,4S摄影大师套装,https://detail.tmall.com/item.htm?spm=a220o.1000855.0.da321h.j7h6ds&id=44878368096&skuId=99988956126,4S摄影大师套装,281.9259043,100,200,,,,Yes,0,0,,,
UV01,UV镜,https://item.taobao.com/item.htm?spm=a230r.1.14.27.57ZLrH&id=522137161830&ns=1&abbucket=5,UV镜,105.7740541,10,110,单反UV镜,日本原装kenikeSMC超级镀膜uv镜，艾蒙UV镜，亚斯UV镜，迪米特UV镜,,Yes,0,0,,,
UV02,UV镜,https://item.taobao.com/item.htm?spm=a230r.1.14.47.D7usJI&id=45211183332&ns=1&abbucket=3,佳能UV镜,126.2447072,10,500,,,,Yes,0,1,,,
UV03,UV镜,https://item.taobao.com/item.htm?spm=a230r.1.14.47.D7usJI&id=45211183332&ns=1&abbucket=3,卡色UV镜,296.8486937,100,300,,,,Yes,0,0,,,
UV04,UV镜,http://world.taobao.com/item/27462844289.htm?spm=a312a.7700714.0.0.noAj4C#detail,佳能原装67mm UV镜,104.4156757,150,300,,,,Yes,0,0,,,
UV07,UV镜,https://item.taobao.com/item.htm?spm=a230r.1.14.45.JooTKV&id=42445756648&ns=1&abbucket=2,艾蒙UV镜,98.67112613,,,,,same as UV01,Yes,1,1,,,
UV09,UV镜,http://world.tmall.com/item/523785599849.htm#detail,亚斯UV镜,100.2510811,,,,,same as UV01,Yes,1,1,,,
UV10,UV镜,http://world.tmall.com/item/45097325617.htm#detail?sku_properties=5919063:6536025,美高UV镜,281.5625,100,250,,,,Yes,0,1,,,
UV11,UV镜,http://world.tmall.com/item/45004671341.htm#detail?sku_properties=5919063:3266790,迪米特58MCUV,210.8221396,,,,,same as UV01,Yes,1,0,,,
UV12,UV镜,http://world.taobao.com/item/521513506795.htm#detail,普通58mmUV镜,112.6759524,10,100,58mmUV镜,正品丽达lida单层uv镜，亚思高透光58mm UV镜,,Yes,0,0,,,
UV13,UV镜,http://world.taobao.com/item/44799639459.htm#detail,德国超薄UV,385.5214414,40,150,,德国超薄防水镀膜UV,,Yes,0,1,,,
UV14,UV镜,http://world.taobao.com/item/44799639459.htm#detail,德国超薄防水镀膜UV,466.8872101,,,,,same as UV13,Yes,1,0,,,
UV16,UV镜,https://detail.tmall.com/item.htm?spm=a1z10.1-b.w9226568-9716460539.27.RzH6RS&id=44843925113&skuId=83007665794,海鸥原装正品层镀膜58mmuv滤镜,72.79232143,10,50,海鸥58mm uv镜,,,Yes,0,0,,,
UV19,UV镜,http://world.taobao.com/item/40565901878.htm#detail,耐司UV,165.7894144,30,150,,,,Yes,0,0,,,
UV20,UV镜,http://world.taobao.com/item/38708270318.htm#detail,绿叶双层UV镜,15.57570621,5,35,,绿叶UV镜,,Yes,0,0,,,
UV21,UV镜,http://world.taobao.com/item/35540978058.htm#detail,福莱特MCUV,119.4813793,50,150,,,,Yes,0,0,,,
UV22,UV镜,http://world.taobao.com/item/35540978058.htm#detail,卡色MCUV,423.4752703,100,500,,,,Yes,0,0,,,
UV23,UV镜,http://world.taobao.com/item/41802068265.htm#detail,绿叶UV镜,18.86529279,,,,,same as UV20,Yes,1,0,,,
UV24,UV镜,http://world.tmall.com/item/45007891695.htm#detail?sku_properties=5919063:3284566,kase卡色 ii代单层uv镜,159.5074627,100,160,kase卡色单层uv镜,,,Yes,0,0,,,
UV25,UV镜,http://world.tmall.com/item/45007891695.htm#detail?sku_properties=5919063:3284566,正品丽达lida单层uv镜,18.93507901,,,,,item not existed,Yes,1,1,,,
UV26,UV镜,http://world.tmall.com/item/45007891695.htm#detail?sku_properties=5919063:3284566,正品NISI耐斯单层UV镜,151.0202703,20,150,耐司单层UV镜,,,Yes,0,0,,,
UV27,UV镜,http://world.tmall.com/item/45007891695.htm#detail?sku_properties=5919063:3284566,正品NISI耐斯多层UV镜,210.5,50,300,耐司多层UV镜,,,Yes,0,0,,,
UV28,UV镜,http://world.tmall.com/item/45007891695.htm#detail?sku_properties=5919063:3284566,kase卡色 ii代多层uv镜,348.1013514,100,250,卡色多层uv镜,,,Yes,0,0,,,
UV29,UV镜,http://world.taobao.com/item/522863996797.htm#detail,kenko原装67mm,243.6358691,10,120,,,,Yes,0,0,,,
UV30,UV镜,http://world.tmall.com/item/23931676362.htm?spm=a312a.7700714.0.0.VDbzGU&sku_properties=5919063:3266779,变色龙TWS高清MCUV滤镜,394.0066667,200,600,变色龙TWS MCUV滤镜,,,Yes,0,1,,,
UV31,UV镜,http://world.taobao.com/item/36574928690.htm#detail,日本原装kenike单面多层uv镜,163.1851852,20,300,柯尼科UV镜,,,Yes,0,1,,,
UV32,UV镜,http://world.tmall.com/item/18049170006.htm#detail?sku_properties=5919063:6536025,62mm UV镜,137.5084234,10,80,,,,Yes,0,0,,,
UV34,UV 镜,http://world.taobao.com/item/44881048637.htm#detail,肯高UV镜,122.0715158,15,150,,,,Yes,0,0,,,
UV35,UV镜,http://world.tmall.com/item/37745552927.htm#detail?sku_properties=5919063:3266779,亚思高透光58mm UV镜,104.9943694,,,,,item not existed,Yes,1,1,,,
UV36,UV镜,http://world.taobao.com/item/523254918792.htm#detail,肯高58mmUV镜,131.8594369,20,130,,,,Yes,0,0,,,
UV38,UV镜,http://world.taobao.com/item/18820622609.htm#detail,日本肯高双层58MM UV镜,50.6,30,100,肯高双层58MM UV镜,,,Yes,0,0,,,
UV39,UV镜,http://world.taobao.com/item/18820622609.htm#detail,日本数码大师超薄多层58MM UV镜,365.4777632,100,250,数码大师超薄多层58MM UV镜,,,Yes,0,0,,,
UV41,UV镜,http://world.taobao.com/item/23896264169.htm#detail,新境界超薄UV镜,110.3529412,100,200,,,,Yes,0,1,,,
UV43,UV镜,http://world.taobao.com/item/23896264169.htm#detail,佳能原装超薄多层镀膜UV镜,163.7846847,30,250,,,,Yes,0,0,,,
UV44,UV镜,http://world.taobao.com/item/23969324559.htm#detail,锐玛超薄MC多层防水UV镜,61.92553191,30,80,,,,Yes,0,0,,,
UV45,UV镜,http://world.taobao.com/item/43426870825.htm#detail,尼克斯超薄多层MRCUV,830.3703704,400,600,尼克斯MRC UV,,,Yes,0,1,,,
UV46,UV镜,http://world.taobao.com/item/27462844289.htm#detail,佳能原装58mm UV镜,82.69081081,30,150,,,,Yes,0,0,,,
UV47,UV镜,http://world.tmall.com/item/44843925113.htm#detail,nikksi原装正品层镀膜58mm uv滤镜,383.4,200,400,尼克斯58mm UV,,,Yes,0,1,,,
UV48,UV镜,http://world.tmall.com/item/18053093587.htm#detail?sku_properties=5919063:3266779,变色龙HD高清UV滤镜,216.2736842,50,200,,,,Yes,0,1,,,
UV51,UV镜,http://world.tmall.com/item/20728727154.htm#detail?sku_properties=5919063:6536025,格莱菲超薄多层镀膜保护镜,223.25,100,250,格莱菲多层镀膜UV镜,,,Yes,0,1,,,
UV52,UV镜,http://world.tmall.com/item/20728727154.htm#detail?sku_properties=5919063:6536025,卡色超薄多膜UV镜,341.6644144,100,500,卡色多膜UV镜,,,Yes,0,0,,,
UV53,UV镜,https://detail.tmall.com/item.htm?spm=a1z10.5-b.w4011-11731726517.91.6phQ9D&id=44862924994&rn=a68d17c1869d30ad6ce6a9c102d72f39&abbucket=15&sku_properties=5919063:6536025,沃尔夫冈UV镜,280.5972973,80,300,,,,Yes,0,0,,,
UV54,UV镜,https://item.taobao.com/item.htm?spm=a230r.1.14.53.57ZLrH&id=522606643900&ns=1&abbucket=158,卡色58mmUV镜,267.2528153,50,200,,德国kase卡色58mm超薄多层MC UV镜专业保护镜头,,Yes,0,0,,,
UV55,UV镜,https://detail.tmall.com/item.htm?spm=a1z10.5-b.w4011-11731726517.91.6phQ9D&id=44862924994&rn=a68d17c1869d30ad6ce6a9c102d72f39&abbucket=15&sku_properties=5919063:6536025,德国Kase超薄67mmUV,255.7903153,50,300,卡色67mmUV镜,,,Yes,0,0,,,
UV56,UV镜,https://item.taobao.com/item.htm?spm=a230r.1.14.53.57ZLrH&id=522606643900&ns=1&abbucket=5,腾龙62mmUV镜,113.9932658,5,120,,,,Yes,0,0,,,
UV57,UV镜,http://world.tmall.com/item/36982442137.htm#detail?sku_properties=5919063:6536051,麦田者METTAR超薄多层镀膜金圈mcuv镜,441.34,200,500,麦田者uv镜,,,Yes,0,1,,,
UV58,UV镜,http://world.taobao.com/item/522086451970.htm#detail,尼克斯UV镜,499.3663366,200,500,,,,Yes,0,1,,,
UV59,UV镜,http://world.taobao.com/item/20373091017.htm#detail,耐司原装58#UV镜（大陆行货，带防伪）,150.9770721,50,180,耐司 58mmUV镜,,,Yes,0,0,,,
UV60,UV镜,http://world.taobao.com/item/522700943445.htm#detail,双层UV镜,81.09585586,3,80,,,,Yes,0,0,,,
UV61,UV镜,http://world.tmall.com/item/36982442137.htm#detail?sku_properties=5919063:6536046,变色龙58mmHDUV高清单层滤镜,192.2418605,100,300,变色龙58mm单层UV镜,,,Yes,0,1,,,
UV62,UV镜,http://world.tmall.com/item/36982442137.htm#detail?sku_properties=5919063:6536046,变色龙58mmMCUV高清多层滤镜,258.9583333,100,300,变色龙58mm多层UV镜,,,Yes,0,1,,,
UV63,UV镜,http://world.tmall.com/item/36982442137.htm#detail?sku_properties=5919063:6536046,变色龙67mmMCUV高清多层滤镜,271.3042424,100,300,变色龙67mm多层UV镜,,,Yes,0,1,,,
UV64,UV镜,http://world.taobao.com/item/24291960195.htm#detail,德国kase卡色58mm超薄多层MC UV镜专业保护镜头,295.5909091,,,,,same as UV54,Yes,1,0,,,
UV65,保护镜,http://world.tmall.com/item/20728727154.htm#detail?sku_properties=5919063:6536025,格莱菲超薄镜头保护镜,183.82,100,150,,,,Yes,0,1,,,
WD01,手腕带,http://world.taobao.com/item/42468840454.htm#detail,手腕带,61.76103604,5,150,单反手腕带,,,Yes,0,0,,,
WD04,手腕带,https://item.taobao.com/item.htm?spm=a230r.1.14.53.57ZLrH&id=522606643900&ns=1&abbucket=14,马田真皮手腕带,208.6354054,50,250,,,,Yes,0,0,,,
WD05,手腕带,http://world.taobao.com/item/23896264169.htm#detail,佳能手腕带,59.09101351,5,120,,,,Yes,0,0,,,
WJ01,微距镜,https://item.taobao.com/item.htm?spm=a230r.1.14.27.57ZLrH&id=522137161830&ns=1&abbucket=5,微距镜,184.2577027,20,400,,,,U,0,0,,,
XB02,摄影包,https://item.taobao.com/item.htm?spm=a230r.1.14.27.57ZLrH&id=522137161830&ns=1&abbucket=5,卡塔12DL相机包（单镜头专用）,346.1620045,80,300,,,,Yes,0,1,,,
XB03,摄影包,https://item.taobao.com/item.htm?spm=a230r.1.14.27.57ZLrH&id=522137161830&ns=1&abbucket=5,卡塔DB452相机包（多镜头专用）,407.6809241,200,500,,,,Yes,0,1,,,
XB04,摄影包,https://detail.tmall.com/item.htm?spm=a230r.1.14.15.57ZLrH&id=44848285990&cm_id=140105335569ed55e27b&abbucket=5&skuId=82840486713,EOS专业定制相机包,184.4850901,50,200,,,,Yes,0,1,,,
XB05,摄影包,https://item.taobao.com/item.htm?spm=a230r.1.14.47.D7usJI&id=45211183332&ns=1&abbucket=3,佳能单反防雨单肩摄影包,247.1408559,30,250,,,,Yes,0,1,,,
XB06,摄影包,https://item.taobao.com/item.htm?spm=a230r.1.14.47.D7usJI&id=45211183332&ns=1&abbucket=3,佳能经典单反摄影包,230.9997345,100,200,,,,Yes,0,1,,,
XB07,摄影包,http://world.taobao.com/item/43859660891.htm#detail,单反专业相机包,362.6509685,100,300,,单反专用相机包一机两镜,,Yes,0,0,,,
XB08,摄影包,http://world.tmall.com/item/23931676362.htm?spm=a312a.7700714.0.0.VDbzGU&sku_properties=5919063:3266779,佳能EOS C50包（带防雨罩 1机1镜）,364.5235135,30,200,佳能EOS 相机包,"佳能EOS C55包（带防雨罩 1机2镜）, 佳能EOS 5D原装包（带防雨罩 1机3镜）,d－4专业相机包, 212小包, 新款EOS700D专用摄影包",,Yes,0,0,,,
XB09,摄影包,http://world.tmall.com/item/23931676362.htm?spm=a312a.7700714.0.0.VDbzGU&sku_properties=5919063:3266779,佳能EOS C55包（带防雨罩 1机2镜）,364.5235135,,,,,same as XB09,Yes,1,0,,,
XB10,摄影包,http://world.tmall.com/item/23931676362.htm?spm=a312a.7700714.0.0.VDbzGU&sku_properties=5919063:3266779,佳能EOS 5D原装包（带防雨罩 1机3镜）,168.1155405,,,,,same as XB09,Yes,1,0,,,
XB13,摄影包,http://world.tmall.com/item/44843925113.htm#detail,d－4专业相机包,697.958802,,,,,,Yes,1,0,,,
XB14,摄影包,http://world.tmall.com/item/523785599849.htm#detail,212小包,697.958802,,,,,item not found,Yes,1,0,,,
XB18,摄影包,http://world.taobao.com/item/24596036343.htm#detail,新款EOS700D专用摄影包,88,,,,,item not found,Yes,1,0,,,
XB19,摄影包,http://world.taobao.com/item/27462844289.htm?spm=a312a.7700714.0.0.noAj4C#detail,国家地理摄影包,648.525518,100,1600,,,,Yes,0,0,,,
XB21,摄影包,http://world.tmall.com/item/45004671341.htm#detail?sku_properties=5919063:3266789,单反专用单肩包,293.8587387,50,200,,,,Yes,0,0,,,
XB23,摄影包,https://item.taobao.com/item.htm?spm=a230r.1.14.53.57ZLrH&id=522606643900&ns=1&abbucket=21,佳能B86单反包,364.5235135,40,220,佳能单反包,,,Yes,0,0,,,
XB25,摄影包,https://detail.tmall.com/item.htm?spm=a1z10.1-b.w9226568-9716460539.27.RzH6RS&id=44843925113&skuId=83007665794,萌萌怪EOS时尚单肩摄影包,146.1308696,40,250,EOS时尚单肩摄影包,,,Yes,0,0,,,
XB26,摄影包,https://detail.tmall.com/item.htm?spm=a1z10.1-b.w9226568-9716460539.27.RzH6RS&id=44843925113&skuId=83007665794,佳能7D专业相机包,304.4142466,50,250,,佳能6D/7D专业相机包,,Yes,0,0,,,
XB27,摄影包,https://detail.tmall.com/item.htm?spm=a1z10.1-b.w9226568-9716460539.27.RzH6RS&id=44843925113&skuId=83007665794,佳能6D/7D专业相机包,229.0361036,,,,same as XB26,,Yes,1,0,,,
XB34,摄影包,http://world.tmall.com/item/45004671341.htm#detail?sku_properties=5919063:3266794,阿尔菲斯防雨包,258.4444444,100,260,阿尔飞斯防雨包,,,Yes,0,0,,,
XB35,摄影包,https://item.taobao.com/item.htm?spm=a230r.1.14.53.57ZLrH&id=522606643900&ns=1&abbucket=6,佳能三角包,152.5315766,10,100,,EOS小包,,Yes,0,0,,,
XB36,摄影包,http://world.taobao.com/item/36613205733.htm#detail,佳能B62单反包,364.5235135,,,,,item not existed,Yes,1,0,,,
XB37,摄影包,http://world.tmall.com/item/45007891695.htm#detail?sku_properties=5919063:3284566,圣柯瑞便携包,101.9306306,10,200,,,,Yes,0,1,,,
XB39,摄影包,http://world.tmall.com/item/45007891695.htm#detail?sku_properties=5919063:3284567,圣柯瑞单肩背专业时尚可斜挎,129.5882658,10,200,,,,Yes,0,1,,,
XB40,摄影包,http://world.tmall.com/item/45007891695.htm#detail?sku_properties=5919063:3284568,圣柯瑞梯形包简约大方抗震性强,462.3315766,U,U,,,,Yes,0,1,,,
XB41,摄影包,http://world.tmall.com/item/45007891695.htm#detail?sku_properties=5919063:3284569,德卡伦斯方形包,160.7798649,U,U,,,,Yes,0,1,,,
XB42,摄影包,http://world.tmall.com/item/45007891695.htm#detail?sku_properties=5919063:3284570,宾利斯特L200专业户外极限运动包,824.0178604,U,U,,,item not existed,Yes,0,0,,,
XB44,摄影包,http://world.tmall.com/item/26519380192.htm#detail?sku_properties=5919063:6536025,圣柯瑞便携包防震防雨简约大方,186.9685135,,,,,,Yes,0,0,,,
XB47,摄影包,http://world.tmall.com/item/18049170006.htm#detail?sku_properties=5919063:6536025,EOS小包,353.8233333,,,,,same as XB35,Yes,1,0,,,
XB50,摄影包,http://world.taobao.com/item/44881048637.htm#detail,乐步摄影包,353.7572455,50,200,,,,Yes,0,0,,,
XB52,摄影包,http://world.tmall.com/item/20728727154.htm#detail?sku_properties=5919063:6536025,防雨单肩摄影包,605.3349775,30,300,,,,Yes,0,0,,,
XB54,摄影包,http://world.tmall.com/item/20728727154.htm#detail?sku_properties=5919063:6536025,炫彩三色防震摄影包,337.3823874,20,100,,,,Yes,0,0,,,
XB55,摄影包,http://world.tmall.com/item/20728727154.htm#detail?sku_properties=5919063:6536025,佳能萌萌怪原装摄影包,161.9234,20,140,,,,Yes,0,0,,,
XB56,摄影包,http://world.tmall.com/item/20728727154.htm#detail?sku_properties=5919063:6536025,佳能原装彩色摄影包,148.0461538,10,120,,,,Yes,0,0,,,
XB58,摄影包,http://world.tmall.com/item/20728727154.htm#detail?sku_properties=5919063:6536025,佳能EOS多功能摄影包,163.1178571,5,300,,,,Yes,0,0,,,
XB60,摄影包,http://world.taobao.com/item/35674260254.htm#detail,单反专用大号相机包,565.1163333,50,400,,"单反专用相机包一机两镜,佳能专业大号相机包",,Yes,0,0,,,
XB61,摄影包,http://world.taobao.com/item/523776961013.htm#detail,卡塔20DL相机包,707.5970833,80,800,,,,Yes,0,0,,,
XB62,摄影包,http://world.taobao.com/item/23896264169.htm#detail,乐摄宝防雨相机包,1174.664572,100,450,,,,Yes,0,0,,,
XB63,摄影包,http://world.taobao.com/item/23969324559.htm#detail,佳能EOS升级版单反包 带防雨罩 1机2镜头闪光灯,364.5235135,20,200,,,,Yes,0,0,,,
XB64,摄影包,http://world.taobao.com/item/41802068265.htm#detail,时尚斜跨相机包,271.7221171,40,250,,,,Yes,0,0,,,
XB65,摄影包,http://world.taobao.com/item/41802068265.htm#detail,三角相机包,132.3328378,10,150,,,,Yes,0,0,,,
XB66,摄影包,https://detail.tmall.com/item.htm?spm=a1z10.5-b.w4011-11731726517.91.6phQ9D&id=44862924994&rn=a68d17c1869d30ad6ce6a9c102d72f39&abbucket=15&sku_properties=5919063:6536025,MAICHAI单反相机包,219.3333333,50,220,,,,Yes,0,0,,,
XB67,摄影包,https://item.taobao.com/item.htm?spm=a1z10.1-c.w8506320-11310604069.10.DSntkh&id=44838858009,瑞士军刀包,117.5087387,50,200,,,,Yes,0,0,,,
XB68,摄影包,https://item.taobao.com/item.htm?spm=a230r.1.14.53.57ZLrH&id=522606643900&ns=1&abbucket=135,佳能卡塔单反包,590.3396471,40,300,,,,Yes,0,0,,,
XB70,摄影包,http://world.taobao.com/item/44331296085.htm#detail,JEEP原装防雨相机包,716.1079955,20,300,,,,Yes,0,1,,,
XB71,摄影包,http://world.taobao.com/item/36574928690.htm#detail,单反专用相机包一机两镜,295.8440766,,,,,same as XB60,Yes,1,0,,,
XN01,线,http://world.taobao.com/item/42468840454.htm#detail,HDMI数码高清线,56.01304054,5,50,,,,U,0,0,,,
XN02,线,https://detail.tmall.com/item.htm?spm=a230r.1.14.15.57ZLrH&id=44848285990&cm_id=140105335569ed55e27b&abbucket=5&skuId=82840486708,USB接口连接电缆IFC－130U,14.16,,,佳能相机IFC-130U连接线,,,Yes,0,0,,,
XN03,线,https://item.taobao.com/item.htm?spm=a230r.1.14.49.rC1TEB&id=43474381580&ns=1&abbucket=11,USB接口连接线,13.2,5,30,佳能USB接口连接线,,,Yes,0,0,,,
XN04,线,https://item.taobao.com/item.htm?spm=a230r.1.14.27.57ZLrH&id=522137161830&ns=1&abbucket=5,AV线,15.20795045,5,30,,,,Yes,0,0,,,
XN06,线,https://item.taobao.com/item.htm?spm=a230r.1.14.53.57ZLrH&id=522606643900&ns=1&abbucket=19,佳能快门线,201.9638964,30,200,,品牌EOS700D专用快门线，Fro 佳能自拍遥控器,,Yes,0,0,,,
XN07,线,https://item.taobao.com/item.htm?spm=a230r.1.14.27.57ZLrH&id=522137161830&ns=1&abbucket=5,快门线,201.9638964,10,250,,"单反快门遥控线, 无线遥控器",,Yes,0,0,,,
XN08,线,http://world.taobao.com/item/24596036343.htm#detail,品牌EOS700D专用快门线,88.8809009,,,,,same as XN06,Yes,1,0,,,
XN09,线,http://world.taobao.com/item/45219159638.htm#detail,数据线,23.28817568,,,,,,Yes,0,0,,,
XN10,线,https://item.taobao.com/item.htm?spm=a230r.1.14.49.rC1TEB&id=43474381580&ns=1&abbucket=12,立体声视频连接线AVC－DC400ST,50.73,,,,,,Yes,0,0,,,
XN16,线,http://world.tmall.com/item/20728727154.htm#detail?sku_properties=5919063:6536025,单反快门遥控线,113.4202928,,,,,same as XN07,Yes,1,0,,,
XN19,线,http://world.taobao.com/item/18999829018.htm#detail,60E3快门线,65.17885135,8,200,,,,Yes,0,0,,,
YD01,移动电源,http://world.taobao.com/item/42681494957.htm#detail,香水移动电源,58.79398649,10,120,,,,Yes,0,0,,,
YD02,移动电源,http://world.taobao.com/item/45410114111.htm#detail,移动电源礼盒,115.2831532,,,,,,Yes,0,0,,,
YK01,遥控器,https://item.taobao.com/item.htm?spm=a230r.1.14.27.57ZLrH&id=522137161830&ns=1&abbucket=5,无线遥控器,94.12747748,5,150,相机无线遥控器,,,Yes,0,0,,,
YK02,遥控器,http://world.taobao.com/item/27462844289.htm?spm=a312a.7700714.0.0.noAj4C#detail,佳能专用遥控器,186.5269291,5,50,,,,Yes,0,0,,,
YK04,遥控器,http://world.tmall.com/item/23931676362.htm?spm=a312a.7700714.0.0.VDbzGU&sku_properties=5919063:3266779,永诺RC-6遥控器,15.21735294,5,30,,RC-6遥控器,,Yes,0,0,,,
YK05,遥控器,http://world.tmall.com/item/523785599849.htm#detail,RC-6遥控器,42.64254505,,,,,same as YK05,Yes,1,0,,,
YK10,遥控器,http://world.taobao.com/item/20373091017.htm#detail,爱图仕单接头快门线或优永佳多功能遥控器 （限高配置用户）,36.42204969,5,30,爱图仕快门线,,,Yes,0,0,,,
YK10,遥控器,http://world.taobao.com/item/20373091017.htm#detail,爱图仕单接头快门线或优永佳多功能遥控器 （限高配置用户）,36.42204969,10,30,优永佳快门线,,,Yes,0,0,,,
YK13,遥控器,http://world.taobao.com/item/45410114111.htm#detail,红外线遥控器,26.86982379,10,30,相机红外线遥控器,,,Yes,0,0,,,
YK14,遥控器,http://world.taobao.com/item/18999829018.htm#detail,Fro 佳能自拍遥控器,47.99171171,,,,,,Yes,1,1,,,
ZG01,遮光罩,https://item.taobao.com/item.htm?spm=a230r.1.14.27.57ZLrH&id=522137161830&ns=1&abbucket=5,遮光罩,50.87585586,10,50,,"可反扣遮光罩, 国产遮光罩",,Yes,0,0,,,
ZG03,遮光罩,http://world.taobao.com/item/27462844289.htm?spm=a312a.7700714.0.0.noAj4C#detail,莲花遮光罩,48.46806306,10,60,,,,Yes,0,0,,,
ZG06,遮光罩,https://item.taobao.com/item.htm?spm=a230r.1.14.53.57ZLrH&id=522606643900&ns=1&abbucket=8,佳能遮光罩,66.86274775,5,60,,,,Yes,0,0,,,
ZG07,遮光罩,http://world.tmall.com/item/523785599849.htm#detail,EW―63C遮光罩,23.58867117,5,80,EW-63C遮光罩,"ATANK 63C遮光罩,莲花63C专用遮光罩, 国产Fro EW-63C莲花遮光罩",,Yes,0,0,,,
ZG08,遮光罩,http://world.tmall.com/item/45097325617.htm#detail?sku_properties=5919063:6536025,可反扣遮光罩,26.72878378,,,,,same as ZG01,Yes,1,0,,,
ZG09,遮光罩,http://world.taobao.com/item/24596036343.htm#detail,福莱特 EW-54 专用遮光罩,246.965473,10,100,EW-54遮光罩,,,Yes,0,0,,,
ZG13,遮光罩,http://world.tmall.com/item/45007891695.htm#detail?sku_properties=5919063:3284566,ATANK 63C遮光罩,23.58867117,,,,,same as ZG07,Yes,1,0,,,
ZG16,遮光罩,http://world.taobao.com/item/42468840454.htm#detail,佳能专用EW－63C遮光罩（无暗角）,24.58882883,,,,,same as ZG07,Yes,1,0,,,
ZG17,遮光罩,http://world.taobao.com/item/44069100271.htm#detail,莲花63C专用遮光罩,23.58867117,,,,,same as ZG07,Yes,1,0,,,
ZG18,遮光罩,http://world.taobao.com/item/521513506795.htm#detail,EW－60C卡口遮光罩,15.93362613,5,50,EW60C 遮光罩,,,Yes,0,0,,,
ZG19,遮光罩,http://world.taobao.com/item/35540978058.htm#detail,国产遮光罩,43.54457207,,,,,same as ZG01,Yes,1,0,,,
ZG20,遮光罩,http://world.taobao.com/item/18999829018.htm#detail,国产Fro EW-63C莲花遮光罩,23.58867117,,,,,same as ZG07,Yes,1,0,,,
ZG21,遮光罩,http://world.taobao.com/item/43853759026.htm#detail,EW73B遮光罩（行货自带）,76.54276923,10,150,EW73B遮光罩,,,Yes,0,0,,,
QT06,清洁,http://world.taobao.com/item/18999829018.htm#detail,清洁套装 锐玛CL-301,https://s.taobao.com/search?initiative_id=staobaoz_20120515&q=%E6%B8%85%E6%B4%81%E5%A5%97%E8%A3%85+%E9%94%90%E7%8E%9BCL-301,10,30,0,,,Yes,0,0,20,,Juexiao
UV33,UV镜,http://world.taobao.com/item/36574928690.htm#detail,日本原装kenikeSMC超级镀膜uv镜,https://s.taobao.com/search?q=kenike+SMC+uv%E9%95%9C&imgfile=&js=1&stats_click=search_radio_all%3A1&initiative_id=staobaoz_20160126&ie=utf8,,,0,,,Yes,1,0,,,
ZG22,遮光罩,https://item.taobao.com/item.htm?spm=a230r.1.14.53.57ZLrH&id=522606643900&ns=1&abbucket=5,腾龙遮光罩,https://s.taobao.com/search?q=%E8%85%BE%E9%BE%99%E9%81%AE%E5%85%89%E7%BD%A9&imgfile=&js=1&stats_click=search_radio_all%3A1&initiative_id=staobaoz_20160203&ie=utf8,10,100,腾龙遮光罩,0,,Yes,0,0,,,
CD04,充电器,,电池充电器LC－E17C（含电源线）,,,,,,same as CD01,,1,,,,
DK22,读卡器,,三合一读卡器,,10,60,,,,,0,,,,
SJ35,三脚架,,TR533三脚架,,,,,,item not found,,1,,,,
CC52,储存卡,,闪迪16GSD266/s高速内存卡,,,,,,same as CC07,,1,,,,
DK23,读卡器,,二合一沣标高速读卡器,,5,30,,,,,0,,,,
UV66,UV镜,,美国摄丽宝多层镀膜MCUV镜头滤镜,,70,100,摄丽宝MCUV,,,,0,1,,,
XB72,摄影包,,佳能专业大号相机包,,,,,,same as XB60,,,,,,
UV67,UV镜,,德国朗泰通多层镀膜UV镜头滤镜,,,,,,,,,,,,
CC53,储存卡,,闪迪32GSD266/s高速内存卡,,,,,,,,,,,,
CD05,充电器,,沣标国产备用座充,,,,,,,,,,,,
CC54,储存卡,,闪迪8GSD200/s高速内存卡,,,,,,,,,,,,
